user_id,total_listen_time_min,likes_count,skip_rate_perc,access_device,peak_time_access_perc,preferred_genres
1,3193,164,0.38,Mobile,0.62,"['Jazz', 'Pop']"
2,2558,92,0.8,Mobile,0.36,['Pop']
3,3308,20,0.77,PC,0.7,['Ballad']
4,1444,29,0.58,Mobile,0.3,['Rock']
5,2068,91,0.53,PC,0.52,['EDM']
6,3593,68,0.12,PC,0.37,['Pop']
7,2947,133,0.05,PC,0.29,['Pop']
8,4268,131,0.64,Mobile,0.44,['Classic']
9,4280,234,0.64,Mobile,0.46,['Rock']
10,3037,44,0.68,Mobile,0.88,['Jazz']
11,3711,291,0.79,Mobile,0.16,['Rock']
12,4575,175,0.3,PC,0.87,['Classic']
13,4826,262,0.7,Mobile,0.43,['Jazz']
14,3228,89,0.73,Mobile,0.59,['Ballad']
15,4479,162,0.64,Mobile,0.38,['Ballad']
16,4435,90,0.07,Tablet,0.85,"['Ballad', 'Jazz']"
17,1395,95,0.49,Mobile,0.5,['Jazz']
18,3772,210,0.25,Mobile,0.47,"['Jazz', 'Pop']"
19,732,28,0.24,Mobile,0.76,['Jazz']
20,4691,232,0.77,PC,0.56,['Jazz']
21,4415,165,0.71,PC,0.74,['Jazz']
22,681,196,0.57,PC,0.44,['EDM']
23,2123,175,0.63,Mobile,0.81,['Jazz']
24,1040,88,0.63,Tablet,0.34,['Hiphop']
25,1189,133,0.75,Mobile,0.67,"['Jazz', 'Rock']"
26,2819,262,0.17,PC,0.83,['Ballad']
27,4801,127,0.4,Mobile,0.58,['Pop']
28,2439,238,0.18,Tablet,0.82,['Jazz']
29,1658,211,0.1,Tablet,0.65,['Ballad']
30,4160,258,0.35,Mobile,0.85,"['Ballad', 'Classic', 'Jazz']"
31,3150,295,0.34,Mobile,0.51,"['Classic', 'Pop']"
32,3835,278,0.05,Mobile,0.67,['Classic']
33,4045,287,0.43,Mobile,0.23,['Ballad']
34,2662,107,0.56,Tablet,0.74,['Jazz']
35,3859,269,0.59,PC,0.72,['Classic']
36,1677,178,0.54,PC,0.44,['Ballad']
37,2806,110,0.51,Mobile,0.75,['Ballad']
38,2581,119,0.19,Mobile,0.34,['Rock']
39,2064,117,0.31,Mobile,0.5,['Classic']
40,2878,148,0.74,Mobile,0.35,['Pop']
41,2334,260,0.09,Mobile,0.59,['Classic']
42,1685,283,0.28,PC,0.87,['Classic']
43,4440,257,0.17,PC,0.46,['Ballad']
44,590,229,0.57,Mobile,0.76,['Ballad']
45,772,24,0.29,Mobile,0.86,['Classic']
46,916,242,0.58,PC,0.33,['Pop']
47,3493,75,0.63,Tablet,0.24,['Hiphop']
48,557,157,0.35,Mobile,0.58,['Pop']
49,862,238,0.4,PC,0.58,['Classic']
50,3490,203,0.25,Mobile,0.7,"['Classic', 'Pop']"
51,1071,260,0.69,Mobile,0.2,['Rock']
52,1633,84,0.34,Mobile,0.9,['Ballad']
53,2719,110,0.3,PC,0.19,['Rock']
54,4831,119,0.79,Mobile,0.76,['Jazz']
55,2268,43,0.45,PC,0.62,['Classic']
56,1540,73,0.53,Mobile,0.6,['Classic']
57,2964,138,0.06,PC,0.84,['Ballad']
58,1980,294,0.39,Mobile,0.44,['Ballad']
59,3695,267,0.33,PC,0.57,['Classic']
60,3940,234,0.79,Mobile,0.33,['Pop']
61,4586,231,0.34,Tablet,0.5,"['Jazz', 'Pop']"
62,4606,77,0.53,PC,0.5,['Pop']
63,1247,51,0.58,Mobile,0.71,['Ballad']
64,1155,35,0.15,Mobile,0.89,['Ballad']
65,2470,54,0.43,PC,0.65,['Pop']
66,2226,234,0.48,PC,0.22,['EDM']
67,3843,88,0.23,PC,0.15,"['Jazz', 'Pop']"
68,876,199,0.42,PC,0.85,['Classic']
69,1388,77,0.39,Tablet,0.57,['Ballad']
70,787,235,0.29,Mobile,0.14,['Jazz']
71,1177,229,0.54,Mobile,0.39,['Classic']
72,643,168,0.5,Mobile,0.45,['Pop']
73,885,258,0.8,Mobile,0.36,['Rock']
74,1465,103,0.8,Mobile,0.28,['Hiphop']
75,4450,206,0.33,PC,0.29,['Classic']
76,2663,225,0.31,PC,0.27,['EDM']
77,4876,91,0.21,Mobile,0.31,['Classic']
78,3247,162,0.42,Mobile,0.26,['Hiphop']
79,2273,262,0.41,Mobile,0.61,['Hiphop']
80,3249,258,0.24,Mobile,0.62,['Ballad']
81,3111,19,0.76,PC,0.18,['Rock']
82,1912,76,0.47,PC,0.43,['Jazz']
83,803,23,0.36,Mobile,0.87,['Ballad']
84,4987,182,0.79,PC,0.59,['Hiphop']
85,1266,172,0.61,Mobile,0.12,['EDM']
86,2897,219,0.52,Tablet,0.44,['Classic']
87,4847,187,0.53,PC,0.33,['Hiphop']
88,1061,134,0.16,Mobile,0.48,['Ballad']
89,3598,267,0.24,Mobile,0.32,['Classic']
90,1363,34,0.42,Tablet,0.76,['Ballad']
91,4298,294,0.25,Mobile,0.14,"['Jazz', 'Pop']"
92,4835,292,0.5,Mobile,0.89,['Ballad']
93,4353,201,0.32,Mobile,0.65,['Classic']
94,2431,190,0.4,Mobile,0.4,['Pop']
95,579,162,0.4,Mobile,0.33,['Ballad']
96,4170,85,0.39,Mobile,0.65,['Pop']
97,3062,25,0.07,Tablet,0.62,"['Classic', 'Pop']"
98,2560,180,0.63,PC,0.26,['Rock']
99,4768,121,0.52,Mobile,0.51,['Ballad']
100,1739,291,0.7,Mobile,0.21,['Rock']
101,3309,120,0.36,Mobile,0.37,"['Jazz', 'Pop']"
102,2523,168,0.36,Mobile,0.65,['Rock']
103,1922,72,0.07,PC,0.43,['EDM']
104,1696,58,0.74,Mobile,0.56,['Classic']
105,4214,187,0.47,Mobile,0.18,['Rock']
106,2753,116,0.7,Mobile,0.84,['Classic']
107,2168,57,0.51,PC,0.28,['Pop']
108,867,282,0.43,Tablet,0.3,['Rock']
109,1851,67,0.76,Mobile,0.27,['Ballad']
110,1431,225,0.73,Mobile,0.69,['Hiphop']
111,2034,39,0.59,Mobile,0.8,['Jazz']
112,1955,187,0.17,PC,0.33,['Hiphop']
113,1590,175,0.25,PC,0.81,['Classic']
114,4209,275,0.06,Mobile,0.66,"['Classic', 'Jazz', 'Pop']"
115,4928,136,0.22,Mobile,0.64,['Classic']
116,2277,241,0.23,Mobile,0.13,['Jazz']
117,4127,157,0.4,Mobile,0.63,['Classic']
118,2518,229,0.52,Tablet,0.51,['Jazz']
119,4157,183,0.43,Mobile,0.66,['Ballad']
120,690,73,0.52,PC,0.32,['EDM']
121,1526,117,0.77,Tablet,0.51,['Rock']
122,1794,267,0.54,Mobile,0.3,['Ballad']
123,4922,112,0.73,PC,0.11,['Rock']
124,3411,107,0.72,PC,0.68,['Classic']
125,1247,177,0.51,Mobile,0.26,['Hiphop']
126,1028,247,0.23,PC,0.82,['Jazz']
127,2231,144,0.68,Mobile,0.4,['Ballad']
128,559,149,0.25,Mobile,0.73,['Jazz']
129,1538,102,0.41,PC,0.61,['Pop']
130,1009,59,0.67,Tablet,0.89,['EDM']
131,2981,95,0.78,PC,0.4,['Hiphop']
132,2596,29,0.35,PC,0.17,['Ballad']
133,955,193,0.47,PC,0.88,['Ballad']
134,3380,146,0.55,Mobile,0.43,['Hiphop']
135,4586,247,0.6,Mobile,0.11,['Ballad']
136,646,70,0.55,PC,0.4,['Jazz']
137,1261,277,0.39,PC,0.4,['Pop']
138,4790,60,0.31,Mobile,0.19,['Pop']
139,4850,135,0.61,PC,0.5,['Classic']
140,4638,178,0.24,Tablet,0.69,['Pop']
141,3763,39,0.26,PC,0.69,"['Classic', 'Pop']"
142,2659,266,0.63,PC,0.25,['Ballad']
143,3264,149,0.16,Tablet,0.46,['Classic']
144,3408,236,0.38,PC,0.27,"['Jazz', 'Pop']"
145,2789,245,0.15,PC,0.89,['Classic']
146,4259,22,0.24,Mobile,0.76,['Ballad']
147,3335,10,0.51,PC,0.53,['Hiphop']
148,589,236,0.53,Mobile,0.54,['Hiphop']
149,4866,91,0.69,PC,0.8,['Classic']
150,1592,13,0.74,Mobile,0.85,['Jazz']
151,814,205,0.29,PC,0.23,['Jazz']
152,2600,219,0.64,PC,0.21,['Hiphop']
153,1304,76,0.36,Mobile,0.73,['Jazz']
154,3617,274,0.44,Mobile,0.72,['Jazz']
155,977,68,0.74,Tablet,0.61,['Hiphop']
156,2548,44,0.55,Mobile,0.45,['Pop']
157,831,209,0.5,PC,0.67,['Ballad']
158,2469,45,0.47,PC,0.73,['Jazz']
159,2678,142,0.25,Tablet,0.16,['Ballad']
160,1155,227,0.35,PC,0.45,['Rock']
161,3077,236,0.61,Tablet,0.61,['Pop']
162,3391,109,0.77,Mobile,0.81,['Ballad']
163,3287,172,0.55,Mobile,0.76,['Classic']
164,4247,55,0.64,Mobile,0.24,['Pop']
165,2860,201,0.58,PC,0.53,['Rock']
166,588,65,0.79,Mobile,0.3,['Rock']
167,1748,180,0.75,Mobile,0.59,['Hiphop']
168,2003,158,0.17,PC,0.21,['Classic']
169,716,229,0.19,Mobile,0.76,['Ballad']
170,772,245,0.68,Mobile,0.26,['Rock']
171,1260,52,0.23,PC,0.21,['Classic']
172,635,277,0.33,PC,0.75,['Jazz']
173,2596,174,0.45,Mobile,0.4,['EDM']
174,2044,26,0.49,PC,0.32,['Ballad']
175,1547,223,0.11,PC,0.85,['Classic']
176,2465,249,0.51,Mobile,0.62,['Classic']
177,792,216,0.33,PC,0.22,['Rock']
178,3284,129,0.78,Mobile,0.84,['Ballad']
179,3730,238,0.29,Mobile,0.18,"['Ballad', 'Jazz']"
180,4259,67,0.74,Mobile,0.77,['Jazz']
181,4690,160,0.3,PC,0.71,['Pop']
182,1714,153,0.57,Mobile,0.38,['Classic']
183,1847,107,0.12,Mobile,0.39,['Pop']
184,4841,241,0.18,Mobile,0.5,"['Ballad', 'Classic']"
185,500,233,0.77,Tablet,0.68,"['Ballad', 'Rock']"
186,3102,156,0.7,Tablet,0.29,['EDM']
187,1367,242,0.42,PC,0.85,['Classic']
188,3348,102,0.24,PC,0.34,['Ballad']
189,4476,105,0.78,PC,0.64,['Jazz']
190,524,97,0.13,PC,0.41,['Jazz']
191,3144,155,0.78,Mobile,0.73,['Ballad']
192,4076,282,0.37,Mobile,0.13,['Ballad']
193,1565,28,0.22,PC,0.57,['Classic']
194,2018,226,0.35,Mobile,0.25,['Ballad']
195,2024,107,0.62,PC,0.34,['EDM']
196,3920,66,0.23,Mobile,0.86,"['Classic', 'Pop']"
197,4856,145,0.33,PC,0.23,"['Ballad', 'Classic']"
198,1353,143,0.49,PC,0.66,['Jazz']
199,1504,90,0.42,PC,0.46,['Rock']
200,4488,42,0.27,Mobile,0.3,"['Classic', 'Pop']"
201,2449,182,0.34,PC,0.69,['Ballad']
202,2147,48,0.5,Mobile,0.2,['Jazz']
203,3081,300,0.19,Mobile,0.18,"['Ballad', 'Jazz']"
204,2469,89,0.59,Mobile,0.14,['Jazz']
205,2415,216,0.11,Tablet,0.52,['Pop']
206,4786,244,0.27,PC,0.48,"['Ballad', 'Jazz']"
207,1528,23,0.44,PC,0.62,['Ballad']
208,2727,114,0.28,PC,0.69,['Jazz']
209,4678,149,0.62,Mobile,0.38,['Rock']
210,1873,110,0.46,PC,0.79,['Jazz']
211,3270,214,0.14,Mobile,0.5,['Classic']
212,4714,83,0.4,Mobile,0.45,['Ballad']
213,2897,175,0.26,Mobile,0.73,['Classic']
214,1032,231,0.73,Mobile,0.45,['Hiphop']
215,2337,91,0.12,Mobile,0.12,['EDM']
216,4889,198,0.17,PC,0.53,"['Classic', 'Pop']"
217,4486,125,0.09,Mobile,0.7,['Ballad']
218,1008,249,0.07,PC,0.31,['EDM']
219,505,117,0.55,PC,0.73,['Ballad']
220,963,74,0.56,PC,0.29,['Ballad']
221,1421,63,0.77,Mobile,0.56,['EDM']
222,1350,17,0.44,PC,0.42,['EDM']
223,2160,288,0.09,PC,0.45,['Classic']
224,4583,68,0.12,Tablet,0.89,['Ballad']
225,884,118,0.46,Mobile,0.64,['Jazz']
226,3686,102,0.21,PC,0.78,['Classic']
227,2543,32,0.64,Mobile,0.29,['Pop']
228,4640,152,0.33,Mobile,0.18,"['Classic', 'Pop']"
229,2772,23,0.39,PC,0.61,['Ballad']
230,4531,226,0.63,Mobile,0.13,['Hiphop']
231,2252,58,0.57,PC,0.15,['Hiphop']
232,4347,230,0.36,Mobile,0.6,"['Jazz', 'Pop']"
233,1142,199,0.14,PC,0.36,['Rock']
234,3772,198,0.07,Mobile,0.76,['Ballad']
235,878,180,0.07,Mobile,0.77,['Jazz']
236,1533,117,0.16,PC,0.48,['Rock']
237,1975,273,0.35,PC,0.49,['Classic']
238,2842,235,0.57,Mobile,0.56,['Rock']
239,761,49,0.63,PC,0.29,['EDM']
240,3530,128,0.64,PC,0.58,['Rock']
241,4361,91,0.09,PC,0.41,"['Ballad', 'Classic']"
242,2773,273,0.8,PC,0.65,['EDM']
243,4931,43,0.38,PC,0.82,"['Classic', 'Pop']"
244,4354,118,0.12,Mobile,0.82,['Classic']
245,4730,153,0.23,PC,0.45,['Classic']
246,4885,269,0.65,Mobile,0.84,['Ballad']
247,4665,56,0.27,Mobile,0.71,"['Classic', 'Pop']"
248,4810,137,0.13,Mobile,0.64,"['Ballad', 'Classic']"
249,3924,247,0.55,Mobile,0.63,['Ballad']
250,1050,256,0.78,PC,0.39,['Rock']
251,1885,197,0.59,Tablet,0.16,['Rock']
252,3013,102,0.18,PC,0.71,"['Classic', 'Pop']"
253,1246,285,0.55,Mobile,0.61,['Classic']
254,2773,110,0.8,PC,0.74,['Jazz']
255,4074,30,0.8,Mobile,0.17,['Pop']
256,3096,44,0.19,PC,0.13,"['Ballad', 'Jazz']"
257,1838,48,0.1,Mobile,0.7,['Classic']
258,606,197,0.69,Mobile,0.44,['Rock']
259,4148,185,0.58,Mobile,0.26,['Ballad']
260,2181,258,0.26,Tablet,0.51,['Classic']
261,2869,287,0.43,Mobile,0.17,['Hiphop']
262,4379,268,0.65,Mobile,0.6,['Ballad']
263,767,228,0.23,PC,0.29,['Hiphop']
264,2559,127,0.06,Mobile,0.39,['EDM']
265,3934,165,0.53,Mobile,0.85,['Classic']
266,4972,22,0.31,PC,0.71,"['Ballad', 'Classic', 'Jazz']"
267,2806,101,0.22,Mobile,0.34,['Ballad']
268,4216,10,0.68,PC,0.25,['Rock']
269,1104,138,0.2,Mobile,0.29,['EDM']
270,3201,239,0.36,Mobile,0.42,['Pop']
271,1951,107,0.11,Mobile,0.78,['Ballad']
272,696,250,0.59,Mobile,0.23,['Jazz']
273,1138,78,0.78,Mobile,0.52,['Rock']
274,1833,269,0.06,PC,0.15,['Ballad']
275,5000,19,0.08,PC,0.87,"['Ballad', 'Pop']"
276,3121,68,0.65,Mobile,0.24,['Hiphop']
277,4304,180,0.33,Mobile,0.51,"['Classic', 'Pop']"
278,3694,114,0.14,Mobile,0.68,"['Jazz', 'Pop']"
279,774,300,0.2,PC,0.73,['Ballad']
280,2453,150,0.25,Mobile,0.24,['Classic']
281,2203,115,0.27,Mobile,0.29,['Hiphop']
282,820,104,0.17,PC,0.45,['Ballad']
283,2087,70,0.46,PC,0.82,['Classic']
284,582,76,0.49,Mobile,0.37,['Jazz']
285,3118,42,0.23,Mobile,0.51,['Classic']
286,2140,146,0.55,Mobile,0.28,['Jazz']
287,2908,257,0.68,Mobile,0.7,['Ballad']
288,2536,213,0.7,Tablet,0.39,['Rock']
289,4756,271,0.21,Mobile,0.48,"['Ballad', 'Jazz']"
290,659,161,0.76,Tablet,0.48,['Hiphop']
291,3279,46,0.09,PC,0.3,"['Ballad', 'Jazz']"
292,1179,68,0.72,Mobile,0.13,['Rock']
293,1627,159,0.06,PC,0.46,['EDM']
294,1540,147,0.76,PC,0.62,['Pop']
295,4490,126,0.23,PC,0.75,['Classic']
296,4568,143,0.12,Mobile,0.25,"['Ballad', 'Jazz']"
297,1515,282,0.29,PC,0.49,['Rock']
298,618,238,0.17,Mobile,0.37,['Pop']
299,4372,250,0.49,Mobile,0.52,['Ballad']
300,2238,165,0.06,PC,0.68,['Ballad']
301,1257,120,0.49,Mobile,0.65,['EDM']
302,1803,230,0.7,Mobile,0.11,['EDM']
303,1214,81,0.67,PC,0.84,"['Classic', 'Rock']"
304,2464,95,0.79,PC,0.34,['Rock']
305,3356,174,0.78,Mobile,0.14,['Hiphop']
306,1038,112,0.31,PC,0.24,['Pop']
307,4202,186,0.55,PC,0.47,['EDM']
308,2353,62,0.58,Mobile,0.31,['Classic']
309,1664,11,0.4,PC,0.39,['Jazz']
310,2851,73,0.14,PC,0.29,['Pop']
311,2059,122,0.31,Tablet,0.68,['Jazz']
312,2853,165,0.21,PC,0.47,['Pop']
313,4582,18,0.56,Mobile,0.79,['Jazz']
314,1589,281,0.8,Mobile,0.59,['Pop']
315,2934,241,0.45,Mobile,0.56,['Classic']
316,2535,38,0.41,Mobile,0.32,['Rock']
317,3124,64,0.35,PC,0.39,"['Ballad', 'Classic']"
318,4694,110,0.67,PC,0.67,['Ballad']
319,4921,279,0.2,PC,0.73,['Ballad']
320,993,86,0.37,PC,0.52,['Classic']
321,3446,234,0.18,Tablet,0.53,['Classic']
322,4475,236,0.44,Mobile,0.86,['Jazz']
323,1871,299,0.36,Mobile,0.86,['Ballad']
324,4127,44,0.16,Mobile,0.12,"['Classic', 'Pop']"
325,668,138,0.29,Mobile,0.65,['Classic']
326,730,125,0.35,Mobile,0.76,['Ballad']
327,592,154,0.14,PC,0.68,['Jazz']
328,2100,24,0.72,Mobile,0.46,['Pop']
329,693,81,0.25,Tablet,0.3,['Jazz']
330,4448,160,0.42,Mobile,0.68,['Ballad']
331,3043,123,0.75,PC,0.56,['Hiphop']
332,1045,138,0.24,PC,0.47,['Pop']
333,658,41,0.57,Mobile,0.67,['Classic']
334,1135,113,0.32,Tablet,0.82,['Ballad']
335,3183,202,0.52,Mobile,0.7,['Classic']
336,4122,186,0.25,Mobile,0.45,"['Ballad', 'Classic']"
337,4550,61,0.71,Mobile,0.34,['Jazz']
338,1356,99,0.41,Mobile,0.73,['Classic']
339,4653,12,0.45,Mobile,0.21,['Hiphop']
340,4917,197,0.78,Tablet,0.61,['Jazz']
341,3765,60,0.17,PC,0.17,"['Classic', 'Pop']"
342,2915,193,0.58,PC,0.89,['Jazz']
343,2612,149,0.77,Mobile,0.14,['Classic']
344,2057,156,0.57,Mobile,0.71,['Classic']
345,1704,185,0.14,Mobile,0.15,['Hiphop']
346,1689,273,0.33,PC,0.66,['Classic']
347,3387,114,0.54,Mobile,0.51,['Rock']
348,1343,38,0.8,Mobile,0.56,['Rock']
349,3424,251,0.78,PC,0.59,['Jazz']
350,1924,160,0.63,PC,0.74,['Classic']
351,4491,43,0.1,Tablet,0.75,"['Ballad', 'Jazz']"
352,1229,239,0.69,PC,0.46,['Hiphop']
353,3251,156,0.14,Mobile,0.63,"['Classic', 'Pop']"
354,664,26,0.75,Mobile,0.22,['Rock']
355,4466,184,0.7,PC,0.58,['Pop']
356,4366,178,0.46,Mobile,0.12,['Rock']
357,913,264,0.64,PC,0.16,['Rock']
358,2031,178,0.19,PC,0.62,['Rock']
359,4108,42,0.36,PC,0.39,['Ballad']
360,2400,137,0.16,Mobile,0.44,['Jazz']
361,3777,217,0.65,Mobile,0.26,['Pop']
362,4873,41,0.48,PC,0.49,['Hiphop']
363,1390,235,0.75,Mobile,0.78,"['Classic', 'Rock']"
364,3271,82,0.34,PC,0.43,"['Jazz', 'Pop']"
365,4734,236,0.48,Mobile,0.64,['Rock']
366,3219,36,0.19,PC,0.67,['Ballad']
367,948,22,0.61,Mobile,0.33,['Hiphop']
368,3530,268,0.39,PC,0.4,"['Jazz', 'Pop']"
369,1851,18,0.55,PC,0.58,['Rock']
370,3982,101,0.2,Mobile,0.24,"['Jazz', 'Pop']"
371,4481,45,0.73,Mobile,0.11,['Hiphop']
372,3842,77,0.77,PC,0.22,['Classic']
373,1157,260,0.74,Mobile,0.68,"['Ballad', 'Hiphop']"
374,1719,48,0.42,Mobile,0.46,['Classic']
375,1068,117,0.65,Mobile,0.79,"['Ballad', 'EDM']"
376,2286,227,0.2,Mobile,0.39,['Pop']
377,4889,131,0.17,PC,0.58,"['Classic', 'Pop']"
378,1774,33,0.69,Mobile,0.36,['Ballad']
379,4882,40,0.64,Mobile,0.65,['EDM']
380,2867,134,0.42,PC,0.58,['Classic']
381,2095,169,0.11,Mobile,0.11,['Classic']
382,3394,10,0.06,Mobile,0.84,"['Ballad', 'Classic']"
383,2216,297,0.41,PC,0.23,['Rock']
384,2944,129,0.68,Mobile,0.4,['Pop']
385,3253,152,0.18,Mobile,0.19,['Classic']
386,4901,21,0.33,Mobile,0.47,"['Ballad', 'Jazz']"
387,3280,251,0.56,PC,0.24,['Ballad']
388,1014,261,0.09,PC,0.15,['EDM']
389,517,105,0.76,PC,0.49,['Hiphop']
390,2172,289,0.18,PC,0.2,['Classic']
391,2713,217,0.72,Mobile,0.48,['Rock']
392,4182,69,0.67,PC,0.63,['Classic']
393,3633,10,0.69,Mobile,0.89,['Ballad']
394,3686,294,0.58,Mobile,0.39,['Classic']
395,3145,133,0.64,Mobile,0.58,['Pop']
396,1955,83,0.75,PC,0.16,['Jazz']
397,1420,94,0.77,Mobile,0.68,"['Classic', 'EDM']"
398,1101,206,0.44,PC,0.81,['Ballad']
399,834,111,0.25,Mobile,0.48,['Hiphop']
400,577,145,0.48,Mobile,0.24,['Hiphop']
401,3242,293,0.4,Mobile,0.35,['EDM']
402,854,256,0.21,PC,0.25,['EDM']
403,3645,171,0.46,Tablet,0.11,['Pop']
404,4790,289,0.64,Mobile,0.39,['Classic']
405,3422,125,0.77,PC,0.14,['Ballad']
406,1085,40,0.43,Mobile,0.37,['Ballad']
407,2527,36,0.58,Mobile,0.61,['Ballad']
408,2822,105,0.66,Mobile,0.27,['Hiphop']
409,883,60,0.22,PC,0.24,['Hiphop']
410,4207,157,0.34,Mobile,0.43,"['Jazz', 'Pop']"
411,3119,102,0.17,Mobile,0.53,['Classic']
412,3019,179,0.74,Mobile,0.41,['Jazz']
413,3183,224,0.75,PC,0.88,['Jazz']
414,4574,299,0.43,PC,0.13,['Rock']
415,596,270,0.08,Tablet,0.89,['Classic']
416,1037,197,0.74,Mobile,0.33,['Rock']
417,4096,17,0.55,Mobile,0.27,['Jazz']
418,4835,271,0.44,Mobile,0.25,['EDM']
419,4265,64,0.71,Mobile,0.51,['Ballad']
420,2228,230,0.74,Tablet,0.62,['Ballad']
421,2005,272,0.79,Mobile,0.28,['Classic']
422,1812,267,0.64,PC,0.68,['Ballad']
423,2831,127,0.7,PC,0.63,['Rock']
424,2455,150,0.74,PC,0.86,['Ballad']
425,4148,160,0.19,Mobile,0.37,['Pop']
426,3658,299,0.23,PC,0.32,['Classic']
427,3225,152,0.27,Mobile,0.16,['Classic']
428,3884,185,0.24,PC,0.51,"['Ballad', 'Jazz']"
429,4297,60,0.78,Mobile,0.22,['Classic']
430,4887,202,0.37,Mobile,0.62,"['Jazz', 'Pop']"
431,2686,151,0.53,Mobile,0.35,['Ballad']
432,3885,12,0.32,PC,0.45,"['Classic', 'Pop']"
433,2648,10,0.08,PC,0.88,['Ballad']
434,4140,137,0.63,Mobile,0.1,['Pop']
435,1380,31,0.4,Mobile,0.16,['Hiphop']
436,4337,150,0.3,Mobile,0.43,"['Ballad', 'Jazz']"
437,4471,254,0.79,Mobile,0.62,['Jazz']
438,2924,94,0.64,PC,0.33,['Pop']
439,2477,37,0.34,Mobile,0.13,['Jazz']
440,3418,297,0.11,PC,0.42,"['Ballad', 'Classic']"
441,2044,227,0.29,Mobile,0.85,['Jazz']
442,3396,173,0.49,PC,0.81,['Jazz']
443,744,261,0.16,PC,0.71,['Classic']
444,1298,216,0.28,Mobile,0.25,['Hiphop']
445,2623,88,0.75,Mobile,0.79,['Jazz']
446,2127,210,0.74,PC,0.32,['EDM']
447,3744,290,0.25,Mobile,0.64,['Ballad']
448,4343,184,0.58,Mobile,0.85,['Classic']
449,2687,70,0.51,Tablet,0.79,['Jazz']
450,3188,223,0.28,PC,0.8,['Ballad']
451,2284,268,0.59,Mobile,0.42,['Ballad']
452,4454,117,0.44,Mobile,0.6,['Pop']
453,1160,14,0.72,Mobile,0.17,['Hiphop']
454,2760,274,0.54,Mobile,0.51,['EDM']
455,3153,142,0.17,PC,0.45,"['Classic', 'Pop']"
456,4590,159,0.64,PC,0.69,['Ballad']
457,1379,132,0.71,PC,0.67,['Hiphop']
458,2365,46,0.5,Tablet,0.16,['Jazz']
459,4824,235,0.1,Mobile,0.83,"['Ballad', 'Jazz']"
460,4867,295,0.7,PC,0.23,['Ballad']
461,2131,147,0.72,Mobile,0.73,['Ballad']
462,1284,111,0.75,PC,0.68,"['Classic', 'Hiphop']"
463,507,153,0.64,Mobile,0.85,"['Jazz', 'Rock']"
464,4516,103,0.07,Mobile,0.8,['Classic']
465,3901,186,0.36,Mobile,0.64,['Classic']
466,1990,124,0.23,PC,0.35,['EDM']
467,3846,240,0.52,PC,0.37,['Ballad']
468,2851,41,0.16,PC,0.18,['Ballad']
469,522,216,0.12,PC,0.12,['Classic']
470,1470,31,0.47,PC,0.42,['Ballad']
471,4509,116,0.6,Mobile,0.41,['Jazz']
472,2219,117,0.4,PC,0.7,['Jazz']
473,1127,279,0.11,PC,0.76,['Classic']
474,3971,171,0.13,Mobile,0.42,"['Ballad', 'Jazz']"
475,4857,68,0.51,Mobile,0.4,['Jazz']
476,3862,227,0.69,PC,0.83,['Jazz']
477,3239,231,0.53,PC,0.73,['Ballad']
478,2475,158,0.13,Mobile,0.41,['Pop']
479,1274,131,0.62,Mobile,0.71,['Ballad']
480,742,104,0.31,Mobile,0.66,['Classic']
481,1893,88,0.76,PC,0.21,['Jazz']
482,560,178,0.33,PC,0.84,['Jazz']
483,2712,281,0.79,Mobile,0.44,['Classic']
484,4301,165,0.1,PC,0.64,"['Ballad', 'Classic']"
485,2610,136,0.67,PC,0.5,['EDM']
486,1158,72,0.39,PC,0.59,['Ballad']
487,4053,18,0.17,Tablet,0.4,"['Classic', 'Pop']"
488,2141,155,0.1,Mobile,0.49,['EDM']
489,710,94,0.17,PC,0.58,['EDM']
490,751,213,0.6,Tablet,0.29,['EDM']
491,2969,30,0.52,Mobile,0.59,['EDM']
492,2949,272,0.57,Mobile,0.68,['Ballad']
493,1254,256,0.68,Mobile,0.17,['Rock']
494,3848,57,0.12,Tablet,0.43,"['Ballad', 'Jazz']"
495,1788,253,0.54,Mobile,0.32,['Jazz']
496,1720,165,0.26,Mobile,0.88,['Classic']
497,1549,199,0.57,Mobile,0.45,['Ballad']
498,2310,132,0.2,Mobile,0.36,['Jazz']
499,4513,99,0.67,Mobile,0.69,['Ballad']
500,4817,146,0.29,Mobile,0.37,['Classic']
501,1226,171,0.08,Tablet,0.13,['Hiphop']
502,4617,66,0.65,PC,0.1,['Hiphop']
503,2821,104,0.44,Mobile,0.72,['Classic']
504,3728,36,0.09,PC,0.6,['Classic']
505,1448,12,0.13,PC,0.52,['Hiphop']
506,1803,248,0.63,Mobile,0.19,['Hiphop']
507,1816,291,0.1,Mobile,0.53,['EDM']
508,4123,97,0.18,Mobile,0.48,"['Ballad', 'Jazz']"
509,4482,155,0.71,Tablet,0.76,['Jazz']
510,1348,213,0.49,Tablet,0.24,['Pop']
511,1377,33,0.33,PC,0.64,['Jazz']
512,952,253,0.5,PC,0.52,['Jazz']
513,2912,202,0.18,Tablet,0.26,['Hiphop']
514,1880,296,0.52,Mobile,0.8,['Classic']
515,3635,142,0.69,Mobile,0.79,['Jazz']
516,2799,97,0.56,Mobile,0.66,['Ballad']
517,3034,108,0.35,Tablet,0.71,"['Ballad', 'Classic']"
518,1927,135,0.27,PC,0.23,['EDM']
519,4214,104,0.31,PC,0.85,['Pop']
520,1350,30,0.76,PC,0.86,"['Classic', 'Rock']"
521,4155,145,0.54,Mobile,0.79,['Jazz']
522,3362,26,0.42,PC,0.22,['Rock']
523,4097,298,0.5,Tablet,0.27,['EDM']
524,3341,287,0.31,Mobile,0.49,"['Ballad', 'Jazz']"
525,2497,131,0.31,PC,0.7,['Jazz']
526,3886,184,0.77,PC,0.27,['Rock']
527,4515,227,0.08,Mobile,0.38,"['Ballad', 'Jazz']"
528,1932,10,0.62,Mobile,0.29,['Pop']
529,3390,28,0.1,Tablet,0.37,['Classic']
530,2022,135,0.47,Mobile,0.56,['Jazz']
531,1266,261,0.11,Mobile,0.23,['Hiphop']
532,2732,101,0.16,PC,0.14,['Pop']
533,4914,118,0.66,Mobile,0.84,['Ballad']
534,1005,45,0.07,Mobile,0.72,['Classic']
535,4508,16,0.27,PC,0.36,"['Classic', 'Pop']"
536,1572,45,0.36,Mobile,0.1,['EDM']
537,3165,161,0.24,Mobile,0.32,"['Ballad', 'Classic']"
538,3456,170,0.41,PC,0.55,['Pop']
539,4203,159,0.46,Mobile,0.76,['Classic']
540,4348,56,0.78,Tablet,0.34,['Hiphop']
541,2481,31,0.08,Mobile,0.82,['Jazz']
542,2002,272,0.45,Mobile,0.5,['Rock']
543,4346,20,0.66,Mobile,0.72,['Classic']
544,2931,161,0.38,Tablet,0.35,['Pop']
545,2851,209,0.62,Mobile,0.74,['Ballad']
546,3918,202,0.54,PC,0.53,['Classic']
547,1450,16,0.35,PC,0.75,['Jazz']
548,3924,226,0.48,PC,0.69,['Ballad']
549,1141,104,0.3,PC,0.18,['Ballad']
550,1230,49,0.59,Mobile,0.76,['Ballad']
551,989,88,0.56,PC,0.2,['Classic']
552,1032,170,0.48,Tablet,0.4,['Ballad']
553,2937,57,0.16,Mobile,0.28,['Classic']
554,3573,109,0.27,Mobile,0.5,"['Ballad', 'Jazz']"
555,3120,228,0.25,Mobile,0.45,"['Classic', 'Pop']"
556,1713,178,0.23,PC,0.43,['Classic']
557,1683,283,0.17,Mobile,0.38,['EDM']
558,1238,177,0.56,PC,0.12,['EDM']
559,1103,237,0.76,Tablet,0.61,['Rock']
560,3644,90,0.06,Mobile,0.56,"['Ballad', 'Jazz']"
561,3944,198,0.64,Mobile,0.79,['Jazz']
562,1427,31,0.13,Mobile,0.88,['Classic']
563,4531,29,0.59,Mobile,0.8,['Classic']
564,2345,171,0.63,PC,0.68,['Ballad']
565,873,133,0.72,Tablet,0.73,"['Classic', 'Rock']"
566,1371,170,0.16,Mobile,0.56,['Ballad']
567,2769,255,0.69,PC,0.55,['Classic']
568,2758,173,0.23,Mobile,0.15,['Hiphop']
569,1339,212,0.38,PC,0.67,['Classic']
570,4750,113,0.34,Mobile,0.83,"['Ballad', 'Jazz']"
571,3822,91,0.12,Mobile,0.47,['Classic']
572,956,59,0.48,PC,0.52,['EDM']
573,1269,73,0.55,Mobile,0.52,['Jazz']
574,4620,81,0.18,Mobile,0.79,"['Classic', 'Pop']"
575,1004,229,0.61,Mobile,0.83,['Rock']
576,3842,185,0.62,Tablet,0.47,['Jazz']
577,3482,279,0.48,PC,0.17,['EDM']
578,4233,11,0.64,Mobile,0.5,['Ballad']
579,3226,205,0.07,PC,0.34,"['Jazz', 'Pop']"
580,1982,132,0.71,Mobile,0.87,['Ballad']
581,676,108,0.45,Mobile,0.44,['Jazz']
582,4407,215,0.48,Mobile,0.53,['Hiphop']
583,2389,39,0.41,PC,0.22,['Jazz']
584,2151,70,0.66,PC,0.73,['Classic']
585,1541,17,0.6,PC,0.66,['Classic']
586,3884,118,0.8,PC,0.68,['Classic']
587,3317,13,0.48,Mobile,0.43,['Ballad']
588,2769,30,0.3,PC,0.32,['Ballad']
589,2924,39,0.21,Mobile,0.11,['Rock']
590,1356,149,0.67,Mobile,0.25,['Hiphop']
591,1321,32,0.25,Mobile,0.31,['Classic']
592,2500,282,0.7,Tablet,0.2,['Jazz']
593,4535,284,0.63,PC,0.69,['Jazz']
594,1457,88,0.5,Mobile,0.81,['Ballad']
595,4020,276,0.28,Mobile,0.58,"['Ballad', 'Classic']"
596,3125,22,0.79,Mobile,0.7,['Classic']
597,2540,58,0.47,PC,0.26,['EDM']
598,863,300,0.33,PC,0.66,['Ballad']
599,1228,73,0.6,Mobile,0.4,['Hiphop']
600,3337,191,0.55,Tablet,0.39,['Jazz']
601,4302,294,0.27,PC,0.39,['Pop']
602,2076,192,0.09,Mobile,0.75,['Ballad']
603,1773,186,0.22,Tablet,0.68,['Ballad']
604,1225,89,0.64,PC,0.87,"['Ballad', 'Rock']"
605,2104,176,0.63,Mobile,0.28,['Ballad']
606,3026,100,0.17,Tablet,0.22,['Classic']
607,4731,270,0.46,PC,0.18,['Rock']
608,1618,219,0.38,PC,0.69,['Ballad']
609,3659,137,0.29,Mobile,0.88,['Ballad']
610,2444,248,0.4,Mobile,0.19,['Classic']
611,3972,19,0.76,Mobile,0.3,['Hiphop']
612,2367,155,0.52,Mobile,0.66,['Classic']
613,1216,228,0.62,Mobile,0.57,['Hiphop']
614,2635,263,0.27,PC,0.33,['EDM']
615,3786,278,0.3,Mobile,0.31,['Classic']
616,1683,212,0.44,Mobile,0.14,['Pop']
617,4353,210,0.46,Mobile,0.74,['Jazz']
618,3322,266,0.28,Tablet,0.67,"['Ballad', 'Pop']"
619,3447,58,0.47,Mobile,0.12,['Hiphop']
620,1056,69,0.08,Mobile,0.45,['Hiphop']
621,1883,82,0.51,Mobile,0.62,['Rock']
622,3436,254,0.59,Mobile,0.39,['EDM']
623,3885,91,0.61,Tablet,0.64,['Hiphop']
624,3660,18,0.63,PC,0.61,['Jazz']
625,4552,297,0.23,Mobile,0.77,['Ballad']
626,2819,243,0.06,Mobile,0.5,['EDM']
627,2753,129,0.47,Mobile,0.18,['Rock']
628,3547,297,0.72,PC,0.58,['Pop']
629,4541,163,0.54,Mobile,0.16,['Ballad']
630,4609,241,0.67,PC,0.53,['Classic']
631,3966,109,0.61,PC,0.23,['Ballad']
632,1849,132,0.14,Mobile,0.56,['Pop']
633,2553,264,0.3,Mobile,0.73,['Classic']
634,2434,52,0.28,PC,0.84,['Ballad']
635,3986,106,0.71,PC,0.42,['Ballad']
636,3945,188,0.77,Mobile,0.31,['Ballad']
637,3893,91,0.18,PC,0.56,"['Ballad', 'Jazz']"
638,1996,247,0.49,Mobile,0.43,['Classic']
639,1324,52,0.75,Mobile,0.38,['Rock']
640,1258,113,0.13,Mobile,0.59,['Pop']
641,4866,51,0.46,Mobile,0.28,['Classic']
642,4543,122,0.29,Mobile,0.31,['Classic']
643,1371,86,0.07,PC,0.39,['Ballad']
644,1073,181,0.62,Tablet,0.77,"['Classic', 'Rock']"
645,1816,116,0.33,Mobile,0.84,['Jazz']
646,3369,158,0.6,Mobile,0.12,['Jazz']
647,2655,117,0.32,Tablet,0.68,['Classic']
648,2918,40,0.14,Mobile,0.18,['Jazz']
649,2833,245,0.69,PC,0.84,['Jazz']
650,2357,96,0.69,PC,0.14,['Jazz']
651,2913,31,0.4,PC,0.82,['Classic']
652,2645,246,0.75,Mobile,0.81,['Jazz']
653,3832,76,0.36,PC,0.75,['Pop']
654,951,289,0.16,Mobile,0.72,['Jazz']
655,1248,190,0.16,Mobile,0.83,['Ballad']
656,3519,54,0.55,Mobile,0.2,['Classic']
657,2634,107,0.29,PC,0.51,['Ballad']
658,1406,38,0.19,Mobile,0.17,['Jazz']
659,1191,46,0.15,Tablet,0.3,['Hiphop']
660,3060,239,0.44,Mobile,0.52,['Classic']
661,3864,294,0.79,Mobile,0.45,['Classic']
662,3245,119,0.12,Mobile,0.66,['Pop']
663,2584,253,0.77,Mobile,0.19,['Ballad']
664,3971,175,0.74,Mobile,0.43,['Hiphop']
665,3356,168,0.43,Mobile,0.39,['Pop']
666,4913,98,0.24,Mobile,0.15,['Ballad']
667,516,33,0.19,Mobile,0.8,['Classic']
668,601,283,0.46,PC,0.37,['Classic']
669,1003,296,0.61,Mobile,0.16,['Rock']
670,2564,297,0.07,Mobile,0.87,['Ballad']
671,1582,293,0.09,PC,0.26,['Classic']
672,1928,243,0.22,PC,0.32,['Rock']
673,1079,131,0.5,PC,0.21,['Ballad']
674,4298,17,0.29,PC,0.66,['Classic']
675,581,53,0.62,PC,0.63,['Hiphop']
676,4729,165,0.23,PC,0.44,"['Classic', 'Pop']"
677,2676,66,0.21,PC,0.17,['EDM']
678,1496,155,0.57,Mobile,0.59,['Hiphop']
679,2078,195,0.1,Mobile,0.3,['Ballad']
680,2239,18,0.22,PC,0.41,['Rock']
681,4213,165,0.4,PC,0.13,['Classic']
682,4135,29,0.6,Mobile,0.26,['EDM']
683,3277,243,0.15,PC,0.85,"['Classic', 'Pop']"
684,3069,146,0.36,Tablet,0.35,"['Ballad', 'Jazz']"
685,2077,91,0.74,Mobile,0.8,['Classic']
686,1807,50,0.45,PC,0.82,['Classic']
687,1011,47,0.33,Mobile,0.17,['Pop']
688,4556,242,0.18,PC,0.15,"['Ballad', 'Classic']"
689,3608,109,0.22,Mobile,0.82,"['Ballad', 'Pop']"
690,2560,130,0.22,PC,0.32,['Jazz']
691,963,207,0.31,Mobile,0.68,['Jazz']
692,4288,61,0.75,Mobile,0.62,['Pop']
693,2043,90,0.44,PC,0.85,['Classic']
694,1384,244,0.09,PC,0.85,['Classic']
695,1327,196,0.76,Mobile,0.11,['Rock']
696,2367,212,0.33,PC,0.47,['Classic']
697,3278,13,0.62,Mobile,0.34,['Jazz']
698,1932,267,0.29,PC,0.78,['Classic']
699,4899,275,0.36,Mobile,0.3,"['Ballad', 'Jazz']"
700,1948,122,0.51,PC,0.87,['Ballad']
701,709,200,0.76,Mobile,0.55,['EDM']
702,4089,276,0.53,Mobile,0.11,['Classic']
703,4495,284,0.66,PC,0.51,['Ballad']
704,4150,74,0.41,PC,0.13,['Pop']
705,3068,83,0.69,PC,0.21,['Hiphop']
706,839,108,0.28,PC,0.74,['Jazz']
707,988,112,0.31,PC,0.18,['Hiphop']
708,900,175,0.66,Mobile,0.55,['Hiphop']
709,3947,252,0.33,Mobile,0.49,"['Ballad', 'Jazz']"
710,1473,272,0.3,Mobile,0.33,['EDM']
711,3793,169,0.1,Mobile,0.27,['Pop']
712,1224,269,0.59,Mobile,0.28,['EDM']
713,4435,194,0.79,Tablet,0.21,['Hiphop']
714,1795,117,0.43,Tablet,0.53,['Jazz']
715,3877,81,0.45,Mobile,0.8,['Jazz']
716,3112,163,0.18,Mobile,0.82,"['Ballad', 'Classic', 'Jazz']"
717,3377,144,0.07,Mobile,0.24,['Ballad']
718,3964,141,0.46,PC,0.16,['Jazz']
719,3101,145,0.41,Mobile,0.53,['Rock']
720,1352,282,0.79,Mobile,0.2,['Hiphop']
721,3828,153,0.36,Mobile,0.11,['Pop']
722,1543,153,0.6,Tablet,0.12,['Ballad']
723,965,209,0.64,Mobile,0.42,['Rock']
724,1143,256,0.07,Tablet,0.57,['Ballad']
725,3776,31,0.46,Mobile,0.19,['Classic']
726,3533,262,0.79,Mobile,0.46,['Hiphop']
727,3404,32,0.26,PC,0.16,"['Classic', 'Pop']"
728,3748,255,0.19,PC,0.76,"['Ballad', 'Classic']"
729,526,63,0.66,PC,0.63,['Hiphop']
730,4216,17,0.18,Mobile,0.31,['Classic']
731,4262,115,0.12,Mobile,0.11,"['Classic', 'Pop']"
732,2496,271,0.06,Mobile,0.35,['Rock']
733,1904,181,0.25,Mobile,0.42,['Rock']
734,4849,148,0.35,Mobile,0.39,"['Ballad', 'Classic']"
735,3076,168,0.09,Mobile,0.27,['Ballad']
736,1411,143,0.5,PC,0.64,['Jazz']
737,3682,111,0.66,PC,0.4,['Pop']
738,1626,25,0.37,PC,0.56,['Rock']
739,5000,246,0.79,Tablet,0.76,['Ballad']
740,3196,115,0.36,Mobile,0.49,['Ballad']
741,772,18,0.6,Mobile,0.18,['EDM']
742,2744,147,0.36,Mobile,0.13,['EDM']
743,3756,212,0.74,Tablet,0.79,['Ballad']
744,666,261,0.12,PC,0.32,['Jazz']
745,2874,55,0.19,Tablet,0.1,['Hiphop']
746,4183,170,0.49,Mobile,0.68,['Ballad']
747,1800,45,0.5,PC,0.54,['Rock']
748,1379,241,0.48,Mobile,0.24,['Ballad']
749,4481,177,0.34,Mobile,0.29,['Classic']
750,3031,13,0.78,Mobile,0.61,['Rock']
751,4139,200,0.42,Mobile,0.25,['EDM']
752,4373,204,0.65,Mobile,0.69,['Ballad']
753,4894,166,0.59,PC,0.8,['Jazz']
754,611,196,0.44,PC,0.79,['Jazz']
755,2221,160,0.4,Mobile,0.38,['Ballad']
756,2020,68,0.07,PC,0.76,['Jazz']
757,3611,230,0.38,Mobile,0.5,"['Jazz', 'Pop']"
758,1104,217,0.67,Mobile,0.86,"['Ballad', 'Hiphop']"
759,1264,36,0.36,Mobile,0.27,['Jazz']
760,4439,142,0.05,Mobile,0.74,"['Classic', 'Pop']"
761,2817,33,0.3,Mobile,0.41,['Hiphop']
762,3738,41,0.31,Mobile,0.7,"['Ballad', 'Classic', 'Jazz']"
763,1009,68,0.29,PC,0.51,['Hiphop']
764,2555,106,0.55,PC,0.65,['Ballad']
765,2499,95,0.31,PC,0.78,['Jazz']
766,1339,283,0.35,Mobile,0.53,['EDM']
767,874,123,0.45,PC,0.28,['EDM']
768,949,202,0.1,PC,0.86,['Ballad']
769,3299,135,0.66,Mobile,0.56,['Classic']
770,2008,197,0.67,Mobile,0.64,['Pop']
771,881,186,0.32,Mobile,0.8,['Jazz']
772,4486,101,0.23,Mobile,0.33,"['Classic', 'Pop']"
773,2771,107,0.79,Tablet,0.28,['Jazz']
774,1135,216,0.51,Mobile,0.41,['Rock']
775,2532,170,0.12,Mobile,0.56,['Ballad']
776,982,252,0.44,Mobile,0.87,['Ballad']
777,3323,182,0.64,Mobile,0.83,['Classic']
778,1001,148,0.4,Mobile,0.2,['EDM']
779,3853,155,0.34,PC,0.38,"['Jazz', 'Pop']"
780,2685,269,0.32,PC,0.23,['Rock']
781,2689,143,0.68,Tablet,0.79,['Ballad']
782,3795,171,0.12,PC,0.56,['Ballad']
783,1579,68,0.22,PC,0.69,['Jazz']
784,4613,133,0.08,Mobile,0.65,"['Ballad', 'Jazz']"
785,4495,169,0.68,Tablet,0.45,['Hiphop']
786,1529,33,0.55,PC,0.62,['Classic']
787,3085,84,0.61,Mobile,0.32,['Hiphop']
788,644,191,0.8,Mobile,0.12,['Hiphop']
789,3497,80,0.74,PC,0.66,['Classic']
790,4426,262,0.12,PC,0.71,"['Ballad', 'Jazz']"
791,3331,208,0.76,Mobile,0.8,['Jazz']
792,4077,264,0.8,Tablet,0.51,['Jazz']
793,4668,166,0.7,Mobile,0.55,['Pop']
794,4570,110,0.35,PC,0.62,"['Ballad', 'Jazz']"
795,1717,170,0.08,Tablet,0.35,['Hiphop']
796,3863,289,0.28,PC,0.33,"['Jazz', 'Pop']"
797,4543,76,0.48,PC,0.23,['Hiphop']
798,4714,168,0.38,PC,0.27,"['Ballad', 'Jazz']"
799,2738,237,0.79,Tablet,0.12,['Hiphop']
800,2258,33,0.7,Mobile,0.76,['Classic']
801,4256,64,0.28,Mobile,0.76,"['Classic', 'Jazz', 'Pop']"
802,2585,43,0.09,Mobile,0.18,['Jazz']
803,2549,126,0.29,PC,0.61,['EDM']
804,1208,196,0.12,Mobile,0.73,['Ballad']
805,501,155,0.42,Mobile,0.88,['Ballad']
806,2436,153,0.69,Mobile,0.33,['Ballad']
807,4434,205,0.78,Mobile,0.39,['Pop']
808,4914,228,0.16,Mobile,0.38,"['Ballad', 'Classic']"
809,1078,227,0.57,Mobile,0.66,['Jazz']
810,3100,209,0.47,Mobile,0.66,['Classic']
811,1513,87,0.65,Tablet,0.15,['Ballad']
812,4584,43,0.55,Tablet,0.59,['EDM']
813,2758,286,0.73,Mobile,0.4,['Ballad']
814,2761,220,0.48,PC,0.8,['Classic']
815,3412,267,0.47,Mobile,0.33,['Classic']
816,2856,24,0.37,Mobile,0.56,['Jazz']
817,1270,277,0.65,Mobile,0.74,"['Ballad', 'Rock']"
818,993,229,0.75,Mobile,0.8,"['Ballad', 'EDM']"
819,2115,235,0.13,PC,0.16,['Hiphop']
820,2720,106,0.74,Mobile,0.18,['Hiphop']
821,1948,164,0.21,PC,0.34,['Rock']
822,4955,61,0.53,PC,0.74,['Jazz']
823,2065,288,0.26,Mobile,0.4,['EDM']
824,836,51,0.26,Mobile,0.74,['Jazz']
825,4619,68,0.19,Mobile,0.37,"['Ballad', 'Jazz']"
826,1808,240,0.54,Mobile,0.55,['Ballad']
827,1972,275,0.44,Mobile,0.41,['EDM']
828,4915,202,0.52,Mobile,0.37,['Jazz']
829,4934,237,0.65,Mobile,0.48,['Rock']
830,3566,204,0.54,Mobile,0.27,['Pop']
831,1523,293,0.3,PC,0.65,['Rock']
832,2389,220,0.52,Mobile,0.28,['EDM']
833,2164,63,0.07,Mobile,0.7,['Classic']
834,2212,253,0.17,Mobile,0.89,['Ballad']
835,1833,146,0.14,PC,0.8,['Jazz']
836,1815,42,0.27,PC,0.46,['Jazz']
837,4549,197,0.61,Tablet,0.57,['Rock']
838,3076,50,0.48,Mobile,0.18,['EDM']
839,733,179,0.23,Tablet,0.27,['Jazz']
840,4370,32,0.52,PC,0.43,['EDM']
841,3116,224,0.06,Mobile,0.67,"['Ballad', 'Classic']"
842,1426,97,0.26,Tablet,0.34,['Ballad']
843,735,202,0.79,Tablet,0.29,['Hiphop']
844,3526,240,0.14,PC,0.57,['Classic']
845,797,223,0.32,Mobile,0.43,['EDM']
846,3762,248,0.68,Mobile,0.31,['Pop']
847,2139,202,0.33,PC,0.53,['Ballad']
848,1382,26,0.13,Tablet,0.49,['Rock']
849,1222,248,0.44,Mobile,0.61,['Rock']
850,2762,259,0.49,PC,0.38,['Classic']
851,1626,298,0.59,Mobile,0.78,['Classic']
852,3243,234,0.76,Mobile,0.68,['Classic']
853,2536,10,0.16,PC,0.83,['Ballad']
854,1385,193,0.59,PC,0.24,['Pop']
855,1078,45,0.64,Tablet,0.82,"['Ballad', 'EDM']"
856,3281,164,0.31,PC,0.59,"['Ballad', 'Classic']"
857,1895,255,0.36,Mobile,0.41,['Rock']
858,3392,280,0.46,PC,0.27,['Hiphop']
859,896,28,0.53,PC,0.32,['Ballad']
860,4470,250,0.13,Mobile,0.18,['Classic']
861,3680,178,0.31,Mobile,0.84,"['Classic', 'Pop']"
862,1831,208,0.61,Tablet,0.58,['EDM']
863,4532,250,0.31,PC,0.44,"['Jazz', 'Pop']"
864,1061,108,0.72,Mobile,0.54,['Rock']
865,2328,112,0.68,Mobile,0.2,['Ballad']
866,4759,16,0.19,Mobile,0.65,"['Classic', 'Pop']"
867,2985,100,0.63,Mobile,0.81,['Ballad']
868,4183,213,0.64,PC,0.61,['Hiphop']
869,4044,205,0.28,PC,0.8,['Classic']
870,1944,283,0.74,PC,0.24,['Pop']
871,4631,77,0.14,Mobile,0.82,['Classic']
872,4581,215,0.56,Tablet,0.38,['Hiphop']
873,2543,169,0.23,Tablet,0.54,['Jazz']
874,1673,251,0.76,PC,0.86,['Jazz']
875,1454,111,0.73,Mobile,0.22,['Rock']
876,2140,89,0.6,PC,0.25,['Jazz']
877,2614,237,0.44,Mobile,0.56,['Rock']
878,1993,143,0.75,Tablet,0.36,['Classic']
879,4701,216,0.41,PC,0.73,['Ballad']
880,1047,258,0.37,Mobile,0.27,['Jazz']
881,1223,230,0.43,Mobile,0.61,['Rock']
882,2743,85,0.58,Mobile,0.36,['Jazz']
883,4607,207,0.8,Mobile,0.65,['Rock']
884,1523,252,0.26,PC,0.45,['Jazz']
885,3812,186,0.77,Mobile,0.59,['EDM']
886,1006,42,0.51,PC,0.81,['Classic']
887,1772,48,0.08,PC,0.38,['Ballad']
888,4501,73,0.66,PC,0.74,['Jazz']
889,4468,197,0.6,Mobile,0.23,['Hiphop']
890,3245,120,0.52,Tablet,0.87,['Ballad']
891,2629,19,0.54,Mobile,0.71,['Jazz']
892,4895,275,0.31,Mobile,0.76,"['Ballad', 'Classic']"
893,4316,273,0.72,Mobile,0.74,['Jazz']
894,933,164,0.5,Mobile,0.75,['Jazz']
895,1823,240,0.64,PC,0.88,['Classic']
896,2129,114,0.63,Tablet,0.51,['Rock']
897,1333,73,0.56,Mobile,0.83,['Jazz']
898,3094,265,0.71,PC,0.8,['Ballad']
899,1025,178,0.53,Mobile,0.23,['Jazz']
900,2858,57,0.43,PC,0.83,['Classic']
901,1360,37,0.47,Tablet,0.79,['Classic']
902,4327,218,0.57,PC,0.14,['Rock']
903,1617,19,0.5,Mobile,0.79,['Classic']
904,4386,45,0.43,Mobile,0.62,['Hiphop']
905,2933,90,0.16,PC,0.62,['Hiphop']
906,4859,297,0.73,PC,0.24,['Hiphop']
907,2221,142,0.51,Mobile,0.49,['EDM']
908,1313,27,0.79,PC,0.55,['EDM']
909,3137,236,0.79,PC,0.1,['Jazz']
910,4817,258,0.37,Mobile,0.23,"['Jazz', 'Pop']"
911,1098,155,0.73,Mobile,0.13,['Rock']
912,4088,169,0.08,Mobile,0.22,"['Classic', 'Pop']"
913,3456,93,0.69,PC,0.68,['Jazz']
914,2929,255,0.6,PC,0.74,['Ballad']
915,3953,107,0.64,Tablet,0.79,['Jazz']
916,2184,69,0.53,Mobile,0.31,['Hiphop']
917,519,292,0.61,Tablet,0.74,"['Jazz', 'Rock']"
918,4095,200,0.58,PC,0.41,['Rock']
919,1512,119,0.56,PC,0.27,['EDM']
920,3664,259,0.46,PC,0.49,['Hiphop']
921,544,130,0.59,Mobile,0.87,['Jazz']
922,4340,252,0.5,Tablet,0.82,['Ballad']
923,3837,31,0.27,PC,0.5,['Classic']
924,1377,144,0.51,Mobile,0.87,['Ballad']
925,4384,141,0.58,PC,0.68,['Classic']
926,4896,73,0.24,Mobile,0.29,['Classic']
927,2713,138,0.18,Mobile,0.26,['Rock']
928,2779,33,0.62,PC,0.81,['Classic']
929,583,228,0.19,Tablet,0.68,['Jazz']
930,3583,146,0.45,Mobile,0.48,['Hiphop']
931,4877,152,0.75,PC,0.56,['Classic']
932,4576,140,0.47,Mobile,0.41,['Hiphop']
933,4528,159,0.7,Mobile,0.37,['Ballad']
934,4410,257,0.53,Mobile,0.45,['EDM']
935,3136,172,0.44,Mobile,0.75,['Ballad']
936,1685,231,0.73,Mobile,0.55,['Pop']
937,2402,187,0.44,Mobile,0.87,['Ballad']
938,4821,101,0.16,PC,0.76,"['Ballad', 'Jazz']"
939,3356,17,0.38,PC,0.3,"['Jazz', 'Pop']"
940,2550,279,0.62,PC,0.15,['Pop']
941,3790,266,0.45,Mobile,0.3,['Pop']
942,3269,88,0.38,Mobile,0.63,['Pop']
943,2905,12,0.12,PC,0.5,['Pop']
944,3385,295,0.08,Mobile,0.14,"['Ballad', 'Classic']"
945,3067,204,0.25,Mobile,0.49,['Classic']
946,2220,222,0.1,Mobile,0.77,['Jazz']
947,2527,51,0.63,Mobile,0.39,['EDM']
948,1981,298,0.78,PC,0.51,['Hiphop']
949,2707,204,0.7,PC,0.24,['Classic']
950,2737,183,0.09,PC,0.44,['EDM']
951,2085,235,0.78,Tablet,0.44,['Rock']
952,4383,203,0.21,Mobile,0.78,"['Ballad', 'Classic']"
953,2280,226,0.52,PC,0.46,['Classic']
954,1419,112,0.15,PC,0.61,['Hiphop']
955,1593,254,0.65,PC,0.73,['Classic']
956,3424,232,0.72,Tablet,0.68,['Ballad']
957,4327,213,0.29,Mobile,0.9,['Ballad']
958,3356,128,0.53,Mobile,0.87,['Ballad']
959,4862,22,0.23,Mobile,0.65,"['Ballad', 'Jazz']"
960,4669,45,0.64,Mobile,0.79,['Ballad']
961,1088,58,0.42,Tablet,0.31,['Classic']
962,582,294,0.67,Mobile,0.28,['EDM']
963,4031,231,0.42,PC,0.86,['Ballad']
964,521,28,0.27,Mobile,0.23,['Jazz']
965,3819,265,0.21,Tablet,0.73,"['Ballad', 'Jazz']"
966,4363,28,0.61,Tablet,0.31,['Ballad']
967,620,220,0.68,Mobile,0.32,['Hiphop']
968,2820,173,0.46,Mobile,0.83,['Ballad']
969,2975,226,0.4,Mobile,0.87,['Jazz']
970,1992,196,0.27,Tablet,0.59,['Hiphop']
971,2536,192,0.18,Mobile,0.15,['Pop']
972,2332,12,0.12,PC,0.17,['Jazz']
973,3808,231,0.28,Mobile,0.18,['Ballad']
974,4573,61,0.15,PC,0.32,"['Ballad', 'Classic']"
975,4244,204,0.59,Mobile,0.22,['Rock']
976,3191,133,0.37,PC,0.23,"['Jazz', 'Pop']"
977,2700,90,0.6,Mobile,0.65,['Hiphop']
978,3633,149,0.68,Mobile,0.37,['Hiphop']
979,2279,123,0.76,Mobile,0.63,['Hiphop']
980,1435,178,0.72,PC,0.38,['Hiphop']
981,627,142,0.68,PC,0.37,['Rock']
982,956,216,0.76,Mobile,0.19,['EDM']
983,2500,288,0.48,Mobile,0.88,['Jazz']
984,730,39,0.21,PC,0.72,['Ballad']
985,2321,110,0.24,Tablet,0.35,['Pop']
986,4595,137,0.5,Mobile,0.57,['EDM']
987,1596,133,0.62,PC,0.43,['Jazz']
988,1587,21,0.41,Mobile,0.39,['Ballad']
989,3668,178,0.7,Tablet,0.43,['Hiphop']
990,1795,228,0.46,Tablet,0.33,['Rock']
991,4816,94,0.14,Mobile,0.34,['Ballad']
992,892,285,0.61,PC,0.35,['Hiphop']
993,1195,40,0.56,PC,0.31,['Hiphop']
994,3064,58,0.29,Mobile,0.49,"['Ballad', 'Jazz']"
995,4827,34,0.2,Mobile,0.56,"['Ballad', 'Classic']"
996,4287,253,0.25,PC,0.5,"['Jazz', 'Pop']"
997,3818,102,0.79,Mobile,0.36,['Hiphop']
998,950,147,0.41,PC,0.67,['Ballad']
999,733,274,0.41,Mobile,0.59,['Rock']
1000,890,290,0.32,Mobile,0.86,['Jazz']
