User_ID,Gender,Age_Group,Preferred_Genres,MBTI_Type,E_I_Score,S_N_Score,T_F_Score,J_P_Score
1,1,10,"Jazz,Hiphop",ENFJ,71,22,36,52
2,0,40,"Ballad,Pop,EDM",ISFJ,46,88,40,88
3,0,40,"Classic,Rock",INFP,29,23,32,48
4,0,30,"Jazz,Rock",ENTP,50,40,82,43
5,1,60,Rock,ISTJ,48,71,68,67
6,0,40,"Jazz,Rock",ENTJ,65,45,79,51
7,0,40,"Rock,Classic,Jazz",INTP,27,27,60,42
8,1,60,"Jazz,Hiphop",ENFP,73,28,38,23
9,0,10,Ballad,ESFJ,59,73,44,75
10,0,10,"Rock,Classic,Jazz",INTP,27,29,67,23
11,1,30,EDM,ESFJ,77,86,27,65
12,1,60,Hiphop,ESFJ,81,52,44,52
13,1,60,Rock,ISTJ,37,75,83,69
14,0,50,Jazz,ESTJ,56,56,67,67
15,1,60,"Ballad,Rock,Classic",ISFJ,21,69,42,59
16,1,10,"Pop,Hiphop",ESFJ,83,73,46,84
17,0,40,Jazz,ENTJ,60,45,77,80
18,1,40,"Jazz,Rock",ESTJ,72,56,88,73
19,0,20,"Rock,Jazz,Hiphop",ISTP,49,90,78,41
20,0,30,"Jazz,Hiphop,Rock",ENTP,87,35,80,41
21,0,10,"Classic,Ballad,Rock",ISTJ,26,63,51,89
22,0,40,"Jazz,Rock,Classic",ENTP,56,35,77,48
23,0,20,Rock,ISTP,31,84,70,43
24,1,60,"Hiphop,Pop",ESTJ,82,77,80,59
25,1,40,"Classic,Ballad,Jazz",ENFJ,56,28,48,71
26,1,60,Ballad,ENFJ,52,28,20,66
27,1,60,Jazz,ESTP,56,55,87,44
28,1,60,Classic,ISTJ,33,78,60,76
29,1,40,"Hiphop,Pop",ESTJ,69,72,57,60
30,0,10,Jazz,ENTP,64,40,56,34
31,0,10,Rock,ISTJ,28,88,70,52
32,1,60,"Rock,Classic,Jazz",ISTP,28,58,58,22
33,0,10,"Rock,Jazz,Classic",ISTP,34,65,76,31
34,1,40,"Rock,Classic",ISTJ,21,81,74,64
35,1,40,"Jazz,Rock,Ballad",ESTJ,55,71,81,77
36,0,40,"Ballad,Classic",ENFJ,50,20,21,68
37,1,30,"Rock,Classic",ISTJ,35,81,81,71
38,1,30,Jazz,INFJ,48,32,39,51
39,0,30,"Ballad,Rock",INFP,45,43,26,40
40,0,30,"Jazz,Hiphop",ENTP,82,22,73,48
41,0,30,"Classic,Ballad,Rock",INFJ,21,21,25,87
42,1,40,"Ballad,Jazz",ENFP,55,22,29,32
43,0,10,Jazz,ESTP,90,55,79,40
44,1,30,"Hiphop,Jazz",ENTJ,78,35,63,58
45,1,10,Ballad,ISFJ,36,84,32,86
46,0,50,"Hiphop,Rock,Pop",ESTP,56,74,50,21
47,0,20,"EDM,Pop,Hiphop",ESFJ,90,60,31,58
48,1,60,Jazz,ENTJ,72,21,85,84
49,1,20,Hiphop,ESTP,76,53,54,30
50,0,60,"Rock,Jazz",ISTP,20,76,82,24
51,1,40,EDM,ESFP,76,88,40,39
52,0,60,"Ballad,EDM,Pop",ESFP,54,83,23,41
53,0,50,"Rock,Classic,Jazz",INTP,35,21,56,24
54,1,50,"Ballad,EDM,Rock",ISFP,49,89,24,26
55,0,60,Hiphop,ESTP,63,75,74,23
56,1,20,Rock,INFJ,43,45,41,55
57,1,30,"Classic,Rock,Jazz",INTJ,39,40,56,62
58,0,40,"Jazz,Rock,Hiphop",ENFP,65,35,43,28
59,0,10,"Ballad,Classic,Pop",ISFJ,48,65,28,90
60,1,50,Classic,INFJ,21,34,43,90
61,0,60,EDM,ESFJ,81,83,21,77
62,0,20,"Jazz,Ballad",ENFP,67,23,31,44
63,0,30,Ballad,ENFJ,66,45,40,73
64,0,60,"Jazz,Hiphop",ENTP,86,40,84,41
65,1,60,"Rock,Jazz,Hiphop",ISTP,36,85,86,34
66,0,40,"Jazz,Hiphop",ENFJ,68,27,36,51
67,0,10,"Classic,Rock",INFJ,34,35,43,57
68,0,50,"Rock,Classic",ISTJ,41,69,82,75
69,1,50,"Rock,Jazz,Hiphop",ISTP,21,81,75,37
70,0,10,Jazz,ENFJ,53,31,41,55
71,1,50,EDM,ESFJ,86,76,21,61
72,1,30,"Jazz,Rock,Hiphop",ESTP,66,53,80,37
73,0,50,"Pop,Hiphop",ENTJ,88,22,50,77
74,1,60,"Classic,Rock,Jazz",INTJ,44,21,71,70
75,0,30,"Hiphop,Ballad",ESFP,69,69,35,21
76,0,10,"Rock,Jazz",ESTP,59,60,51,38
77,0,10,"Hiphop,Jazz,Pop",ESTJ,59,73,62,59
78,1,30,Rock,ISTJ,43,61,64,71
79,1,20,"Jazz,Rock,Hiphop",ENTJ,63,49,79,64
80,1,30,"Jazz,Rock,Hiphop",ENTP,63,28,60,29
81,1,30,Hiphop,ESFJ,87,62,46,56
82,1,40,Ballad,ISFJ,41,75,23,54
83,0,50,"Pop,Rock,Ballad",ISTJ,26,84,50,58
84,0,30,"Jazz,Rock,Hiphop",ENTP,65,47,84,31
85,0,40,"Hiphop,Pop",ESTP,77,69,59,28
86,0,40,"Pop,Hiphop,EDM",ESTJ,87,80,67,89
87,0,40,Classic,INFJ,23,46,49,55
88,0,50,"Pop,Hiphop,Ballad",ESFP,59,80,44,25
89,1,30,Hiphop,ESTP,84,77,52,34
90,1,20,"Jazz,Rock",ESTP,56,50,80,34
91,0,50,"Jazz,Rock",ENTJ,56,26,64,51
92,0,10,Rock,ISTJ,49,65,79,57
93,0,30,"Rock,Jazz",INTP,42,29,59,28
94,0,10,Jazz,ENTP,59,47,59,25
95,0,10,"Pop,Hiphop,Ballad",ESFJ,70,64,49,67
96,1,60,"Rock,Jazz",ISTP,26,56,74,42
97,0,60,"Classic,Ballad,Rock",ISTJ,23,50,50,89
98,0,10,"Ballad,Hiphop",ISTJ,49,77,64,72
99,0,10,Classic,ISTJ,28,82,67,85
100,0,30,"Classic,Rock,Jazz",ISTJ,30,51,61,71
101,0,50,"Rock,Classic",INTP,23,41,70,26
102,0,20,Jazz,ENFP,66,48,28,30
103,0,20,"Ballad,Classic,Rock",ISFJ,31,64,22,72
104,0,20,"Rock,Jazz",INTP,48,31,77,26
105,0,50,"Ballad,Rock",ISFP,43,73,26,49
106,0,50,Hiphop,ESTJ,86,73,76,86
107,0,30,"Rock,Jazz,Classic",INTP,37,46,50,32
108,0,20,"Rock,Classic",INTP,29,24,52,31
109,1,60,"Classic,Ballad",ISTJ,30,67,53,82
110,1,20,"Ballad,Classic,Rock",INFJ,23,45,26,72
111,0,20,"Rock,Hiphop,Classic",ISTJ,29,76,71,57
112,0,50,"Hiphop,Jazz,Rock",ENTP,84,22,66,28
113,0,60,"Rock,Ballad",ISTP,39,71,50,21
114,0,40,Ballad,ENFP,51,47,29,21
115,1,40,Hiphop,ESTJ,73,85,70,66
116,0,20,"EDM,Pop",ESFP,90,51,33,26
117,1,40,"EDM,Pop,Hiphop",ESFP,88,85,32,47
118,1,10,Hiphop,ESTJ,77,50,67,54
119,0,20,Classic,ISTJ,47,81,75,84
120,0,40,Ballad,ESFJ,60,90,35,87
121,0,10,"Jazz,Hiphop",ENTJ,65,36,65,59
122,1,10,"Classic,Rock",INTJ,21,26,51,61
123,0,30,"Rock,Jazz,Classic",ISTP,33,58,87,34
124,0,10,"Jazz,Rock",ENTP,64,29,81,33
125,0,30,Jazz,ENFP,74,30,29,42
126,0,40,"Rock,Classic",INFP,27,30,32,33
127,1,10,"Jazz,Rock,Classic",ENTP,54,36,53,21
128,1,10,Jazz,ENTJ,72,44,82,71
129,1,50,Hiphop,ESTP,83,83,80,24
130,1,10,"Jazz,Rock,Hiphop",ESTJ,60,51,83,52
131,0,60,"Classic,Rock",INTJ,21,41,74,73
132,1,30,Rock,ISTP,42,75,59,36
133,1,40,"Rock,Classic,Jazz",ISTP,27,52,58,25
134,1,30,"Ballad,Rock,Classic",ISFJ,26,62,38,57
135,1,30,"Classic,Rock",INTJ,25,38,88,70
136,0,40,"Classic,Ballad,Rock",ISFJ,21,61,42,84
137,1,30,"Rock,Jazz",ESTP,54,67,82,21
138,1,20,"Ballad,Rock,Classic",ISFJ,28,69,34,62
139,1,50,"Ballad,Pop",ESFJ,58,67,20,81
140,0,10,"Ballad,EDM,Pop",ESFJ,60,61,24,67
141,0,40,"Rock,Classic",INFP,30,27,26,31
142,1,20,"Ballad,EDM,Pop",ESFJ,55,78,27,67
143,0,10,"Ballad,Rock",ISFP,30,81,34,22
144,1,20,"Pop,EDM",ENFJ,90,49,38,84
145,1,40,Rock,ISTP,24,89,75,44
146,0,20,"Classic,Ballad,Rock",ISTJ,28,70,56,88
147,1,20,Jazz,ENFP,51,44,40,36
148,1,50,"Hiphop,Jazz,Pop",ENFP,78,48,44,35
149,1,20,"Rock,Hiphop",ISTP,35,77,55,32
150,0,50,"Jazz,Rock,Hiphop",ENTP,69,41,70,42
151,0,10,"Ballad,Classic",ISFJ,29,78,24,76
152,1,50,"Ballad,Pop",ENFJ,72,31,27,75
153,0,30,Classic,ISTJ,23,54,77,90
154,1,60,"Rock,Jazz",INTP,48,31,64,44
155,1,40,"Rock,Classic",INTP,28,26,52,27
156,1,20,"Ballad,Rock,EDM",ISFP,42,75,21,43
157,1,20,Classic,ENTJ,50,27,81,88
158,1,30,"Pop,EDM",ESFJ,76,86,40,65
159,1,60,Rock,INFP,34,23,40,23
160,1,40,"Hiphop,Pop,Rock",ESTP,65,81,54,34
161,0,60,"Rock,Jazz,Hiphop",ESTJ,55,87,74,51
162,1,50,"Rock,Jazz",ESTJ,54,83,78,66
163,0,10,"Rock,Classic",INTP,31,28,58,36
164,1,30,"Pop,EDM,Ballad",ESFJ,86,60,32,87
165,0,40,"Hiphop,Pop,Rock",ESTP,89,63,61,25
166,1,50,Ballad,INFJ,48,27,40,65
167,0,30,"EDM,Hiphop,Pop",ENFP,84,39,24,28
168,0,20,"Hiphop,Rock",ESTP,55,79,52,23
169,1,20,"Rock,Jazz,Hiphop",ISTP,46,60,70,25
170,1,60,Hiphop,ESFJ,71,75,37,50
171,1,40,"Jazz,Classic",ESTJ,61,69,78,84
172,1,40,"Jazz,Rock",ESTJ,55,57,75,71
173,1,60,"Ballad,Rock,Classic",INFP,24,38,22,42
174,1,50,Jazz,ESTP,59,89,83,46
175,0,50,"Pop,EDM",ENFJ,90,21,40,73
176,1,30,"Rock,Hiphop",ISFP,30,77,48,42
177,0,20,"Pop,Hiphop,EDM",ESFJ,88,54,44,67
178,0,60,Ballad,ISFJ,28,76,45,67
179,0,30,"Ballad,Classic",ENFJ,57,47,38,85
180,0,40,"Rock,Hiphop,Ballad",ISFP,23,76,49,48
181,1,40,"Jazz,Hiphop,Rock",ENTP,80,27,79,48
182,0,30,"Ballad,EDM",ENFJ,77,30,21,57
183,1,20,EDM,ESFP,87,52,26,21
184,1,60,"Rock,Jazz",INTP,42,39,74,37
185,1,30,"Jazz,Rock,Hiphop",ESTJ,58,74,86,63
186,0,60,Jazz,ENTP,55,47,53,35
187,0,30,"Rock,Jazz",INFP,42,26,36,43
188,1,10,"Jazz,Hiphop",ESTP,83,60,89,48
189,1,10,"Jazz,Rock",ENFP,54,39,38,28
190,0,10,"Jazz,Hiphop,Pop",ENTJ,72,45,62,67
191,1,60,Hiphop,ESTJ,90,73,84,55
192,1,30,"Hiphop,Pop",ESTP,82,89,55,21
193,1,30,"Rock,Classic",ISTJ,45,68,90,85
194,0,60,Hiphop,ENTP,79,43,57,37
195,1,60,Classic,INTJ,35,41,84,84
196,0,40,Classic,ENTJ,90,30,76,81
197,1,30,"Jazz,Hiphop",ESTJ,79,56,85,61
198,1,10,Classic,INTJ,48,20,73,80
199,0,10,"Jazz,Rock,Hiphop",ESTJ,53,80,89,67
200,0,20,Pop,ESFP,78,86,45,46
201,0,40,"Hiphop,Rock",ESTP,70,86,69,23
202,0,20,"Rock,Hiphop,Pop",ISTJ,32,83,53,57
203,1,40,"Jazz,Rock,Classic",ENTP,60,29,85,49
204,0,10,"Ballad,Rock",ISFP,46,55,24,43
205,0,20,Rock,ESFP,50,73,49,47
206,1,10,"Rock,Jazz,Classic",INTP,35,35,87,46
207,0,20,"Ballad,Classic,Rock",INFJ,42,21,25,58
208,1,30,"Rock,Classic,Hiphop",ISTJ,32,83,73,60
209,1,20,"Ballad,Classic",ENFJ,52,47,41,69
210,1,40,Jazz,ENTJ,67,27,64,54
211,0,40,"Rock,Ballad,Classic",INFP,40,21,29,43
212,0,40,"Classic,Ballad,Jazz",ENTJ,55,33,50,80
213,0,10,"Hiphop,Rock,Jazz",ESTP,89,64,78,33
214,1,10,"Classic,Rock",INTJ,43,33,60,85
215,1,60,"Classic,Ballad,Rock",INFJ,39,27,39,62
216,0,50,"Rock,Jazz",ISTP,33,52,53,31
217,0,60,"Hiphop,Jazz",ESTJ,75,55,60,55
218,1,30,"Classic,Rock,Jazz",INTJ,23,36,50,51
219,1,10,Jazz,ENTP,68,38,56,32
220,0,50,"Rock,Classic",INFP,24,28,33,41
221,0,50,"Classic,Jazz",ENTJ,59,34,69,74
222,1,10,EDM,ENFP,89,45,20,35
223,1,10,"EDM,Hiphop,Ballad",ESFP,78,57,27,33
224,0,50,"Ballad,Rock,Classic",ISFJ,38,59,34,59
225,1,60,"Jazz,Ballad",ENFP,65,21,28,25
226,0,30,"Pop,Hiphop",ESTJ,65,79,60,84
227,1,60,Rock,INTP,43,31,58,42
228,1,20,"Rock,Jazz,Hiphop",ESTP,57,64,68,27
229,1,50,"Ballad,Classic",ISFJ,25,83,27,83
230,0,20,"Classic,Jazz",ENTJ,81,43,75,86
231,0,50,"Hiphop,Pop",ENTJ,87,47,59,56
232,1,10,"Rock,Jazz",ESTP,61,63,59,20
233,1,40,EDM,ESFJ,61,89,40,57
234,1,20,"Ballad,Rock,Pop",ISFJ,43,65,35,66
235,1,30,"Classic,Rock",INTJ,44,49,72,74
236,0,10,Ballad,ESFP,52,73,36,39
237,1,50,"Ballad,Rock,Classic",ISFJ,23,57,32,57
238,0,30,"EDM,Pop,Ballad",ESFJ,81,88,23,88
239,1,30,"Ballad,Jazz,Rock",INFJ,46,49,25,61
240,1,40,"Ballad,Classic",INFJ,39,46,25,87
241,0,60,"Jazz,Rock,Classic",ENTP,55,33,69,31
242,1,40,"Pop,EDM,Ballad",ESFJ,88,68,37,89
243,1,20,Hiphop,ESTP,78,66,60,43
244,0,40,Jazz,ESTJ,55,58,67,58
245,1,50,"Jazz,Rock,Hiphop",ENTP,64,25,58,32
246,0,60,"Hiphop,Jazz",ESTJ,63,61,66,66
247,0,50,Classic,INTJ,26,27,52,64
248,1,20,"Classic,Ballad",ENFJ,50,38,46,69
249,0,50,"Rock,Jazz",ISTP,29,58,71,37
250,1,10,Rock,ISFP,40,66,49,24
251,1,40,Pop,ESFJ,65,82,46,63
252,1,10,Ballad,ENFJ,69,25,27,84
253,1,40,"Ballad,Classic,Pop",ISFJ,42,67,27,78
254,1,40,"Ballad,Jazz",ENFP,65,36,23,29
255,0,10,"Rock,Jazz,Classic",INTJ,45,39,53,50
256,0,10,Ballad,ISFJ,43,82,33,86
257,0,50,Hiphop,ESTP,55,83,58,34
258,0,10,"Rock,Jazz,Classic",ISTJ,43,52,60,52
259,0,50,"Ballad,EDM,Rock",ESFJ,53,59,32,61
260,0,20,"Jazz,Classic,Rock",ENTJ,63,32,73,68
261,1,20,"Ballad,Classic",ISFJ,43,66,31,86
262,0,10,Classic,ISTJ,20,81,89,84
263,1,50,"Rock,Jazz,Classic",ISTP,30,52,83,31
264,0,50,Rock,ESTJ,51,73,82,74
265,1,20,"Classic,Ballad,Rock",INFJ,37,33,34,65
266,1,10,EDM,ENFJ,79,25,21,57
267,0,50,"Ballad,Rock",ESFP,50,52,23,33
268,0,30,Classic,ISTJ,26,76,50,81
269,0,20,Hiphop,ENFP,83,49,42,39
270,1,30,"Jazz,Rock",ESTJ,68,62,86,63
271,1,10,"Hiphop,Rock",ESTP,55,76,57,22
272,0,10,Pop,ESTJ,77,82,76,78
273,1,60,"Jazz,Rock",ESTP,66,55,65,38
274,0,40,"Ballad,EDM,Pop",ESFJ,56,79,27,67
275,0,10,Rock,ISFP,29,50,44,30
276,1,10,Rock,INTP,39,25,77,43
277,0,30,Pop,ESFJ,90,52,47,55
278,1,60,"Pop,Jazz",ENFJ,71,49,49,64
279,1,10,"Rock,Hiphop,Jazz",ISTP,45,85,58,29
280,1,40,Ballad,ESFJ,50,55,24,77
281,1,20,"Classic,Rock,Jazz",INTJ,40,20,55,56
282,0,10,Ballad,ESFJ,52,58,30,53
283,1,10,"Hiphop,Pop",ESTP,81,82,62,30
284,0,40,"Jazz,Hiphop,Rock",ENTJ,73,22,72,52
285,1,20,Rock,ISTP,20,88,69,44
286,0,50,"Hiphop,Pop,Rock",ESTP,74,76,63,38
287,0,50,"Ballad,EDM",ESFP,62,63,22,48
288,1,50,Hiphop,ESTJ,80,70,57,51
289,0,30,"Jazz,EDM",ENFJ,71,49,30,50
290,1,50,"Hiphop,Rock",ESTP,55,77,60,41
291,1,60,Hiphop,ESFJ,68,72,33,52
292,0,50,"Ballad,Rock",ISFP,36,79,22,22
293,1,10,Classic,INTJ,42,43,71,61
294,1,30,"Pop,Ballad",ESTJ,59,80,51,72
295,1,60,"Hiphop,Pop,Rock",ESTP,73,72,50,26
296,1,20,"Classic,Jazz",ENTJ,61,30,54,84
297,0,20,Classic,ENFJ,75,20,49,85
298,0,20,"Pop,Hiphop,EDM",ESTJ,83,90,84,82
299,1,40,"Jazz,Rock,Hiphop",ENFP,61,37,49,37
300,0,30,Ballad,ESFJ,56,64,26,77
301,0,30,Rock,ESTP,71,61,77,42
302,0,40,"Ballad,EDM",ESFP,53,85,33,33
303,0,40,Ballad,ESFJ,67,72,29,64
304,1,50,Rock,ESTJ,52,63,69,71
305,1,10,"Hiphop,Pop",ESTJ,72,54,61,77
306,1,20,Rock,ISTP,34,58,82,42
307,0,10,"Hiphop,EDM",ESFJ,81,58,34,51
308,0,50,"Ballad,Pop",ESTJ,55,67,50,82
309,1,10,"Hiphop,Jazz",ESTP,85,50,62,42
310,1,30,Rock,ISTP,46,70,63,49
311,0,50,"Classic,Ballad,Rock",INFJ,25,43,21,87
312,1,60,Hiphop,ENFP,89,49,41,31
313,0,50,Ballad,ESFJ,82,78,21,84
314,1,10,Hiphop,ESTP,80,82,77,49
315,1,40,Pop,ESFJ,86,78,27,78
316,1,40,Classic,INFJ,32,39,39,70
317,0,40,"EDM,Hiphop",ENFP,87,25,32,20
318,0,60,"Rock,Jazz,Classic",ISTP,26,60,82,47
319,1,50,"Classic,Ballad,Rock",INFJ,32,31,34,63
320,1,30,"Rock,Jazz,Hiphop",ISTP,35,72,88,39
321,1,60,"EDM,Hiphop,Pop",ESFP,80,74,29,33
322,0,30,"Rock,Jazz,Hiphop",ESTP,54,77,89,32
323,0,60,"Hiphop,Rock",ESTP,76,82,77,43
324,1,30,Hiphop,ESTJ,52,83,64,65
325,0,10,"Jazz,Rock",ENFJ,55,28,46,52
326,1,40,Rock,ISTP,40,69,86,30
327,0,40,"Rock,Jazz,Ballad",ISTJ,40,60,54,57
328,0,20,"Rock,Jazz,Hiphop",ISTP,47,63,82,39
329,1,40,"Rock,Jazz,Classic",ISTJ,22,64,83,53
330,0,40,EDM,ESFJ,51,90,35,58
331,0,40,"Hiphop,Pop,EDM",ESFP,84,64,40,32
332,1,60,"Jazz,Hiphop",ESTJ,64,54,60,68
333,0,20,"Hiphop,Pop",ESTP,85,72,62,46
334,1,30,"Ballad,EDM,Pop",ESFJ,57,75,30,60
335,1,10,"Classic,Rock,Jazz",INTJ,27,48,90,88
336,0,20,"Rock,Jazz",INTP,29,38,83,49
337,1,30,Rock,ISTP,41,89,70,21
338,1,10,Classic,ISTJ,43,50,51,76
339,1,10,"Rock,Jazz",ISTJ,38,50,60,54
340,0,10,"Rock,Jazz",ISTP,29,73,89,33
341,1,50,Pop,ENTJ,88,29,54,81
342,0,10,"Classic,Ballad",INFJ,31,29,25,82
343,1,10,Rock,ESTJ,50,84,82,75
344,0,10,EDM,ESFJ,59,81,35,60
345,1,60,"Rock,Jazz",INTP,29,29,83,22
346,1,50,Rock,ISTP,48,66,79,37
347,0,20,"Rock,Jazz",INTP,26,26,89,30
348,1,50,"Classic,Ballad,Rock",INFJ,24,20,24,90
349,1,40,"Ballad,Rock,Jazz",ISFP,45,52,26,37
350,1,30,"Jazz,Rock",ESTP,73,63,85,44
351,1,50,"Hiphop,Ballad",ESFJ,66,72,36,55
352,0,60,"Hiphop,Rock",ESTJ,55,66,68,68
353,0,60,"Jazz,Rock,Classic",ENTJ,64,31,82,58
354,0,50,Hiphop,ESTJ,85,73,65,80
355,1,50,Hiphop,ESTP,78,84,87,35
356,0,60,"Rock,Classic,Jazz",INFP,33,40,43,25
357,1,10,"Hiphop,EDM,Pop",ENFP,85,40,37,23
358,0,30,"Hiphop,Pop,Classic",ENTJ,87,44,65,79
359,1,40,"Ballad,Classic,Rock",ISFJ,45,50,39,82
360,0,40,"Rock,Hiphop",ISTP,42,75,60,49
361,1,10,"Classic,Rock,Jazz",INTJ,30,32,69,75
362,0,50,"Classic,Rock",ISFJ,26,58,47,64
363,1,10,Rock,ESTP,53,59,81,47
364,1,10,Rock,INFP,45,20,41,49
365,1,30,"Jazz,Classic",ENTJ,61,37,83,67
366,1,20,"Ballad,Rock",ISFP,49,59,33,45
367,0,30,"Ballad,Classic,Rock",ISFJ,41,51,33,88
368,1,60,Ballad,ISFJ,29,81,31,68
369,1,60,Ballad,ISFP,43,88,34,47
370,1,10,Jazz,ENTP,52,40,82,30
371,1,60,"Ballad,EDM",ISFJ,22,81,20,65
372,0,10,"Classic,Ballad,Rock",INFJ,39,43,40,80
373,0,50,"Ballad,Pop",ESFJ,64,71,33,66
374,1,20,"Ballad,Rock",ISFP,48,60,25,33
375,1,60,"Hiphop,Pop",ESTP,88,89,73,31
376,0,60,Classic,ISTJ,22,61,55,77
377,0,30,"Jazz,Hiphop",ENTP,84,20,83,28
378,0,30,"Ballad,Classic",ENFJ,50,43,24,87
379,1,20,"Jazz,Rock",INTP,47,26,85,47
380,1,60,"EDM,Hiphop,Pop",ESFP,89,75,29,34
381,1,60,"Hiphop,Jazz,Rock",ENTP,80,32,65,33
382,0,50,"Ballad,Classic",ISFJ,27,80,28,88
383,0,30,"Jazz,Rock",ESTP,62,59,77,31
384,0,50,"Jazz,Rock,Hiphop",ENTP,77,37,75,41
385,0,20,"Classic,Ballad,Rock",INFJ,27,48,42,86
386,0,40,"Jazz,Rock",ENTP,64,45,73,39
387,1,60,Pop,ENFJ,88,44,28,80
388,0,50,Ballad,ISFJ,39,63,31,88
389,1,20,"Hiphop,Pop,EDM",ESTJ,73,81,68,69
390,1,60,"Hiphop,EDM",ESFP,77,74,34,27
391,0,30,"EDM,Hiphop,Ballad",ESFP,80,70,25,23
392,0,40,"Hiphop,Jazz",ESTJ,90,54,75,54
393,0,60,"Rock,Jazz",INFJ,42,48,46,52
394,0,40,Ballad,ESFJ,65,54,40,74
395,0,40,"Classic,Ballad",ENTJ,50,29,55,72
396,0,40,"Rock,Ballad",ISFP,34,75,45,22
397,0,20,Hiphop,ESTJ,79,65,86,87
398,1,40,"Jazz,Hiphop,Rock",ENTP,79,25,67,49
399,0,50,Rock,INTP,20,24,78,42
400,1,40,"Classic,Ballad,Rock",INFJ,21,46,27,83
401,1,20,"Ballad,Pop",ENFJ,75,24,32,77
402,0,50,Hiphop,ESTP,85,72,90,43
403,0,20,Ballad,ISFJ,25,60,28,71
404,0,40,Rock,INFP,31,31,32,21
405,1,50,"Classic,Jazz,Rock",INTJ,46,20,54,59
406,0,20,"Ballad,Classic",ISFJ,48,68,44,88
407,1,10,Hiphop,ESTJ,74,55,60,57
408,0,40,"EDM,Pop,Ballad",ESFJ,84,84,25,75
409,0,20,"Ballad,Classic",INFJ,42,42,36,65
410,0,10,"Ballad,Classic,Pop",ISFJ,27,80,39,85
411,0,10,"Jazz,Hiphop",ESFJ,74,53,42,50
412,0,20,"Jazz,Rock,Hiphop",ESTP,64,50,63,39
413,1,40,"Hiphop,Pop",ESTP,87,86,80,42
414,1,30,Hiphop,ESTJ,62,82,73,67
415,0,30,"Hiphop,Pop,Ballad",ESTJ,67,74,58,67
416,1,10,Hiphop,ESTJ,79,63,82,70
417,0,20,"Ballad,Classic,Rock",ISFJ,44,56,33,77
418,0,10,"Hiphop,Pop",ESTP,65,71,52,26
419,1,10,"Classic,Jazz,Rock",ENTJ,59,41,82,86
420,0,10,"Ballad,Jazz,EDM",ENFP,73,23,20,37
421,0,60,Rock,INTP,21,49,69,42
422,1,10,"Classic,Rock,Jazz",INTJ,44,41,60,73
423,0,40,Ballad,ENFJ,68,47,39,72
424,0,30,"Classic,Rock",INTJ,33,26,59,54
425,1,60,"Rock,Jazz",ESTP,55,69,86,44
426,0,10,"Classic,Ballad,Rock",INTJ,23,26,52,82
427,0,10,"Ballad,Pop",ISFJ,23,81,31,73
428,1,40,"Rock,Jazz,Hiphop",ESFP,62,60,48,22
429,0,10,"Rock,Classic,Jazz",ISTJ,24,82,80,69
430,1,50,"Pop,EDM",ESFJ,90,68,42,63
431,1,20,"Ballad,Rock",ESFP,51,72,27,20
432,0,10,"Rock,Jazz,Ballad",INFP,48,32,36,33
433,1,30,Rock,ISTP,49,73,72,21
434,0,30,"EDM,Pop,Hiphop",ESFP,80,86,32,47
435,1,60,"Rock,Jazz",INTP,37,47,78,24
436,0,10,"Hiphop,Jazz",ENTP,83,22,57,49
437,1,60,"Classic,Rock",INTJ,44,21,67,60
438,1,10,"Ballad,Jazz",ENFP,59,40,25,47
439,0,30,"Rock,Jazz,Classic",INTP,36,39,87,43
440,1,30,"Jazz,Rock,Classic",ENTP,56,28,84,49
441,1,50,"Rock,Hiphop",ISTJ,44,79,74,62
442,1,10,Classic,INTJ,28,33,79,76
443,1,10,Rock,INTP,41,23,63,33
444,0,30,Jazz,INTJ,49,23,55,51
445,1,30,"Rock,Classic",ISTJ,44,60,79,77
446,0,30,"Ballad,Pop,EDM",ESFJ,78,82,21,79
447,0,50,"Rock,Ballad",ISFJ,40,68,40,50
448,1,30,Rock,ISTP,21,77,86,49
449,0,60,"Ballad,Hiphop,EDM",ESFP,67,61,33,46
450,1,40,EDM,ENFJ,73,41,32,55
451,0,60,"Classic,Rock,Jazz",ISTJ,20,52,86,78
452,0,10,Rock,ISTP,44,78,90,22
453,0,50,"Rock,Hiphop",ISTP,47,81,51,34
454,1,20,Ballad,INFJ,42,35,29,71
455,0,50,"Classic,Rock,Jazz",INTJ,38,21,51,61
456,1,60,"Ballad,Pop,Classic",ISFJ,45,71,49,77
457,0,20,Hiphop,ESFJ,73,77,48,55
458,0,30,"Classic,Pop,Hiphop",ENTJ,77,40,59,81
459,1,60,Rock,ISTJ,32,85,69,57
460,0,20,"Rock,Jazz",ISFP,39,55,43,31
461,0,20,"Classic,Rock",INFJ,45,29,47,60
462,0,40,"Ballad,EDM,Rock",ISFP,36,87,30,31
463,1,50,Hiphop,ENTP,90,26,53,35
464,0,20,"Hiphop,Pop",ESTJ,83,66,83,82
465,1,40,"Hiphop,Pop,Jazz",ESTJ,69,86,71,68
466,1,60,Jazz,ESFP,66,58,36,27
467,1,40,"Rock,Hiphop,Classic",ISTJ,25,75,68,52
468,0,50,"EDM,Hiphop,Jazz",ENFP,82,37,30,20
469,0,40,"Ballad,Classic",ISFJ,30,85,34,90
470,1,10,"Jazz,Rock",ENTP,62,43,73,36
471,0,30,"Jazz,Hiphop",ENTJ,68,40,53,53
472,0,30,"Pop,Hiphop,EDM",ESFJ,73,71,40,61
473,1,30,"Classic,Jazz",ENTJ,71,32,85,88
474,0,30,"Jazz,Classic,Rock",ENTJ,52,46,86,80
475,0,30,"Classic,Hiphop",ENTJ,81,44,72,85
476,0,60,"Ballad,Classic,Rock",ISFJ,43,53,40,71
477,0,10,"Jazz,Rock,Classic",ENTJ,52,34,89,61
478,0,10,"Classic,Jazz",ENTJ,81,28,78,84
479,1,30,"Rock,Hiphop,Jazz",ISTP,41,80,65,47
480,0,20,"Classic,Rock",INTJ,45,25,61,66
481,0,10,"Ballad,Classic",ISFJ,21,83,31,88
482,1,50,"Ballad,Pop",ENFJ,77,38,34,77
483,1,10,Ballad,ISFP,34,90,20,28
484,0,20,"EDM,Hiphop,Pop",ESFP,89,59,32,23
485,0,50,"Jazz,Rock,Hiphop",ENTP,81,46,89,23
486,1,30,"Rock,Jazz,Hiphop",ESTP,54,55,69,41
487,0,50,Rock,ISFJ,44,67,46,50
488,0,50,"Rock,Jazz",INFP,48,28,41,34
489,1,30,"Hiphop,Pop,EDM",ESTJ,83,66,62,73
490,1,20,"Classic,Rock",INFJ,32,33,36,54
491,1,50,"Pop,Hiphop,Ballad",ESTJ,65,74,53,63
492,0,30,"Jazz,Rock,Hiphop",ENTP,56,44,56,23
493,0,60,Classic,ISTJ,22,50,79,86
494,1,40,Pop,ESFJ,87,85,38,70
495,1,20,"Ballad,Rock,Jazz",ISFJ,44,58,40,62
496,1,10,"EDM,Pop,Hiphop",ESFJ,79,72,31,63
497,1,50,Rock,ISTP,33,58,75,28
498,0,20,"Ballad,Rock,Classic",INFP,32,41,20,32
499,1,10,Jazz,ENFP,58,36,29,27
500,0,30,"Rock,Jazz",ISTJ,30,63,90,62
501,1,50,"Ballad,Pop,EDM",ESFJ,61,77,20,74
502,0,30,Jazz,ENFP,54,46,39,26
503,1,60,"Jazz,Hiphop",ENTP,80,23,73,23
504,1,10,Jazz,ENTP,77,23,89,49
505,1,10,"Jazz,Classic",ENTJ,69,44,72,69
506,1,40,Rock,ESTJ,51,61,80,82
507,1,10,Rock,ISTP,34,79,71,49
508,1,20,"Jazz,Classic",ENTJ,59,46,70,63
509,1,30,"Ballad,Rock",ISFJ,47,52,20,53
510,0,40,"Pop,Hiphop",ESTJ,89,87,61,68
511,1,50,Hiphop,ESTJ,59,75,53,60
512,0,50,Classic,INFJ,49,21,42,82
513,0,10,"Jazz,Rock,Classic",ENTP,54,29,72,40
514,1,50,"Jazz,Classic",ENTJ,88,35,82,80
515,0,50,Ballad,ESFP,64,59,22,48
516,0,60,"Hiphop,Pop,EDM",ESTP,86,73,54,23
517,1,40,"Jazz,Rock",ENTP,50,35,83,32
518,0,40,"Hiphop,Pop,EDM",ESFJ,73,71,39,57
519,1,30,"Rock,Jazz,Classic",INTJ,42,38,54,51
520,1,60,"Classic,Rock",INTJ,25,29,77,82
521,0,10,Jazz,ENFP,63,45,29,37
522,1,60,Ballad,ESFJ,61,65,26,78
523,1,10,Rock,INTP,41,28,80,25
524,0,60,"Pop,Hiphop",ESFJ,53,87,46,51
525,0,30,EDM,ESFJ,78,73,24,61
526,1,60,"Classic,Rock",ISTJ,39,51,77,87
527,1,50,Classic,INFJ,31,30,39,59
528,1,30,"Classic,Rock,Jazz",ISTJ,33,73,82,90
529,1,40,Rock,ISTJ,47,84,76,64
530,0,30,Rock,INTP,28,32,90,29
531,1,50,"Rock,Classic",ISTJ,29,70,83,74
532,1,30,"Classic,Rock,Jazz",INTJ,32,37,69,81
533,0,20,Rock,INTP,47,44,70,47
534,1,50,"Jazz,Hiphop",ENTJ,76,47,88,65
535,1,10,Hiphop,ESTJ,65,82,79,57
536,1,50,"Ballad,Jazz,EDM",ENFJ,53,48,31,63
537,0,30,Classic,INTJ,31,34,82,73
538,0,20,"Rock,Jazz,Classic",INTP,22,36,89,27
539,1,10,"Rock,Hiphop,Pop",ISTP,46,81,56,37
540,0,20,"Pop,Classic,Hiphop",ENFJ,83,24,47,89
541,1,20,"Rock,Jazz,Hiphop",ESTJ,55,60,77,63
542,0,10,"Hiphop,Pop,EDM",ESTJ,82,71,65,60
543,0,20,"Jazz,Rock",ENTJ,55,39,82,55
544,0,10,"EDM,Hiphop",ESFP,81,78,34,29
545,1,40,"Classic,Rock,Ballad",ISTJ,32,61,61,89
546,1,20,"Hiphop,Rock,Jazz",ESTP,69,76,77,27
547,1,60,Hiphop,ESFP,66,64,47,42
548,1,40,"Classic,Rock",ISTJ,24,75,75,73
549,1,60,"Jazz,Hiphop",ESTP,73,54,63,34
550,1,40,Ballad,ISFJ,43,88,41,50
551,1,20,"EDM,Pop,Hiphop",ESFP,89,80,34,38
552,0,10,"Pop,Hiphop",ESFJ,74,72,42,70
553,0,60,"Classic,Rock,Ballad",ISTJ,29,88,75,77
554,1,50,"Classic,Rock",ISTJ,29,70,88,90
555,1,60,"Rock,Hiphop,Pop",ISTJ,49,80,76,69
556,1,30,Pop,ESFJ,80,67,39,68
557,1,40,Pop,ESFJ,89,86,44,56
558,0,30,Ballad,ISFJ,44,76,49,89
559,0,50,Pop,ESTJ,65,89,81,86
560,1,20,"Classic,Jazz",ENTJ,51,31,62,89
561,0,10,"Hiphop,Pop",ESTP,84,84,78,23
562,1,10,Hiphop,ESTJ,83,84,76,64
563,1,40,"Rock,Ballad,EDM",ISFP,30,86,41,48
564,0,50,Ballad,ENFP,56,49,24,37
565,0,20,"Hiphop,Pop,Rock",ESTP,88,81,80,20
566,0,20,"Rock,Classic",INTP,30,43,65,34
567,1,20,"Rock,Jazz",ISTP,46,72,84,45
568,0,20,"Rock,Jazz",INTP,48,44,61,33
569,1,10,"Rock,Jazz",ISTP,40,51,59,44
570,0,40,"Rock,Ballad,Classic",ESTJ,50,68,73,73
571,1,10,Classic,INTJ,33,38,82,68
572,0,40,"Rock,Ballad",ISTP,43,70,50,26
573,1,40,Jazz,ENTP,54,47,53,36
574,0,60,Pop,ESFJ,58,80,40,68
575,1,30,Ballad,ENFJ,70,25,41,76
576,1,10,Hiphop,ESTJ,88,60,65,61
577,1,10,"Ballad,Classic,Pop",ENFJ,72,27,26,82
578,1,30,Pop,ENTJ,90,30,61,82
579,0,40,"Classic,Ballad,Rock",INFJ,31,46,43,85
580,0,10,"Rock,Jazz",INFP,45,29,47,28
581,1,60,"Jazz,Hiphop,Rock",ENFP,67,34,38,46
582,0,60,Classic,INTJ,43,43,77,84
583,1,60,Hiphop,ESTP,64,71,62,46
584,0,10,Ballad,INFP,36,49,20,43
585,1,20,"Classic,Ballad",INTJ,32,34,50,88
586,0,10,"Rock,Ballad",ISFP,40,81,36,20
587,1,10,Classic,INTJ,25,43,90,90
588,1,40,Rock,ISFP,40,52,37,29
589,1,10,"Ballad,Rock,EDM",ESFP,51,79,36,36
590,1,30,"Jazz,Rock",INTJ,49,37,81,50
591,0,60,"Pop,EDM,Hiphop",ESFJ,87,73,39,65
592,1,10,"Jazz,Rock,Classic",ENTJ,66,44,83,67
593,1,10,"Jazz,Hiphop,Pop",ESTJ,62,53,52,61
594,0,10,"Hiphop,Pop,Classic",ESTJ,87,54,69,89
595,0,40,"Classic,Rock,Jazz",INTJ,32,29,55,61
596,1,50,Rock,INTP,41,40,74,39
597,1,40,Ballad,ESFJ,71,61,30,76
598,1,50,Ballad,ISTJ,49,80,58,77
599,0,30,"Hiphop,Jazz",ENFP,82,44,40,25
600,0,10,"Hiphop,Rock,Pop",ESTP,55,81,54,41
601,0,10,"Ballad,EDM,Pop",ESFJ,53,79,31,62
602,0,10,Pop,ESTJ,85,53,53,84
603,0,10,"Ballad,EDM,Hiphop",ESFJ,59,73,22,57
604,0,50,Jazz,ESTP,81,61,84,20
605,1,20,Pop,ESFJ,81,70,48,68
606,0,20,Ballad,ENFJ,58,28,23,79
607,0,30,"Rock,Hiphop,Jazz",ESTP,53,82,66,38
608,0,10,"Classic,Jazz",INTJ,44,31,84,79
609,0,10,"Ballad,Pop,Hiphop",ESTJ,52,75,56,73
610,0,50,"Jazz,Rock,Hiphop",ENTJ,58,35,52,50
611,0,50,"Classic,Rock",INTJ,37,27,85,72
612,0,40,"EDM,Pop,Hiphop",ESFP,84,88,29,23
613,0,60,"Ballad,Rock,Hiphop",ESFP,52,71,41,40
614,1,30,"Pop,Hiphop,EDM",ESTJ,87,80,67,79
615,1,20,"EDM,Pop",ESFJ,84,89,26,55
616,0,50,"Pop,EDM,Hiphop",ESFJ,74,84,39,68
617,0,20,Rock,ISFJ,29,78,49,54
618,0,20,Hiphop,ESTJ,78,65,62,59
619,1,30,"Ballad,Pop",ESFJ,77,71,25,84
620,1,30,"EDM,Pop,Ballad",ESFJ,84,85,21,83
621,1,20,Jazz,ESTJ,54,62,86,63
622,1,40,"Jazz,Rock,Hiphop",ENTP,70,26,78,20
623,1,60,"Hiphop,Jazz,Pop",ESTP,85,88,83,39
624,1,60,Jazz,ENTP,58,35,56,46
625,1,20,"Jazz,Hiphop,Rock",ENTJ,73,32,85,58
626,0,30,Hiphop,ENFP,84,41,46,35
627,1,20,"Rock,Jazz,Hiphop",ISTP,47,68,76,29
628,0,40,Ballad,ISTJ,33,72,50,68
629,1,40,"Jazz,Rock",ENFP,62,35,41,26
630,1,60,"Rock,Jazz,Hiphop",ISTP,30,74,76,33
631,1,30,Hiphop,ESTP,81,83,75,45
632,1,60,EDM,ESFJ,82,74,32,58
633,0,30,Pop,ESFJ,72,78,45,63
634,1,20,"Jazz,Rock,Hiphop",ESTP,65,50,89,36
635,1,40,"Ballad,Rock",ISFP,43,75,26,48
636,0,10,"Classic,Rock,Jazz",INTJ,41,46,68,67
637,0,10,"Rock,Jazz",INFP,43,38,49,47
638,1,20,"Rock,Jazz,Classic",ISTJ,27,53,78,50
639,0,40,"Hiphop,Rock",ESTP,83,66,70,43
640,1,20,"Classic,Jazz",ISTJ,47,50,68,84
641,0,20,Classic,INFJ,25,31,46,86
642,1,10,"Pop,EDM",ESFJ,77,84,34,88
643,1,60,Rock,INTP,43,35,71,24
644,1,40,"Jazz,Rock",ESTP,53,51,71,26
645,1,60,"Ballad,Classic",INFJ,29,49,21,60
646,1,30,Ballad,ESFP,51,76,26,43
647,1,50,Jazz,ESTJ,60,84,86,86
648,1,10,"Rock,Classic,Ballad",ISTJ,25,63,51,58
649,1,50,"Jazz,Hiphop",ENTP,73,26,65,31
650,1,20,Hiphop,ENTP,84,42,58,20
651,1,20,"Classic,Ballad",INFJ,32,42,33,88
652,1,30,"Classic,Rock",INTJ,30,28,62,52
653,1,60,"Hiphop,Jazz,Pop",ESTJ,69,57,55,55
654,0,20,Jazz,ENFP,74,49,43,25
655,1,60,"Hiphop,Pop,Jazz",ENFP,84,23,47,30
656,0,30,"Hiphop,Classic,Jazz",ESTJ,72,58,69,82
657,0,60,Ballad,ISFJ,47,58,39,89
658,0,40,"Pop,Hiphop",ESTJ,82,85,56,65
659,0,20,Rock,ISTJ,34,56,87,50
660,0,20,Classic,ISTJ,29,58,74,83
661,1,40,"Classic,Rock",INFJ,21,41,48,62
662,0,60,Jazz,ENTJ,60,47,62,52
663,1,30,"Rock,Classic,Ballad",INFP,29,42,35,36
664,0,20,"Classic,Jazz",ENTJ,61,24,78,90
665,0,10,"Jazz,Hiphop",ENTJ,87,29,81,70
666,1,40,Jazz,ENTP,59,29,82,34
667,0,10,"Ballad,Pop,Jazz",ESFJ,58,62,38,64
668,1,20,"Classic,Ballad,Rock",INFJ,43,45,48,70
669,0,50,"Rock,Jazz,Classic",INTJ,43,43,81,55
670,0,30,"Rock,Jazz",INTP,49,45,73,39
671,0,50,Ballad,INFJ,38,37,31,63
672,0,30,Ballad,ISFJ,33,81,23,56
673,0,20,Hiphop,ESTP,90,64,58,38
674,1,30,Ballad,ENFJ,69,49,28,55
675,1,20,Jazz,ENTJ,71,44,78,66
676,1,30,"Pop,Hiphop,Classic",ENTJ,90,47,56,88
677,0,10,"Hiphop,Pop",ESTP,90,79,61,29
678,1,30,Pop,ESFJ,64,80,47,58
679,1,40,Classic,INTJ,32,29,66,72
680,1,60,Jazz,ENTP,50,28,90,23
681,0,10,EDM,ESFP,83,78,29,44
682,0,50,Classic,INTP,32,25,64,48
683,0,10,"Hiphop,Pop",ESTJ,84,56,65,80
684,1,40,Rock,ISTP,21,79,67,21
685,0,10,Classic,INFJ,30,29,30,51
686,0,60,"Jazz,Hiphop",ESFJ,59,52,48,56
687,1,10,"Rock,Classic",ISTP,24,50,62,38
688,0,50,Pop,ESTJ,76,88,68,71
689,0,50,"Jazz,Hiphop,Rock",ESFP,67,60,45,46
690,0,60,"Jazz,Hiphop",ESTJ,75,50,72,60
691,1,20,"Jazz,Rock",ENFP,57,25,35,37
692,1,20,"EDM,Hiphop,Ballad",ESFP,84,71,22,37
693,1,50,Rock,ISTP,47,82,72,30
694,1,10,Hiphop,ESTJ,67,62,65,77
695,1,60,"Jazz,Hiphop",ENTP,76,23,66,31
696,1,60,Rock,ISTJ,26,82,59,62
697,1,10,"Jazz,Rock",ESTP,73,51,82,46
698,0,20,Jazz,ESTJ,81,58,88,89
699,1,40,Pop,ESTJ,84,75,50,86
700,0,60,"EDM,Ballad,Pop",ESFJ,83,71,23,61
701,0,50,Ballad,ISFP,48,70,39,42
702,0,50,Rock,INFP,34,36,33,21
703,0,50,"Ballad,Pop",ISTJ,48,86,57,80
704,0,40,"Classic,Rock",ISTJ,34,80,70,71
705,0,30,"Ballad,Hiphop",ESTJ,52,67,50,54
706,1,60,"Pop,EDM",ENFJ,88,27,39,63
707,1,40,"Jazz,Rock",ENTP,58,27,87,24
708,1,30,"Jazz,Ballad",ENFP,69,49,27,43
709,0,20,"Jazz,Classic,Rock",ESTJ,70,51,84,84
710,1,10,"Hiphop,Pop,Jazz",ENFJ,77,26,46,57
711,0,30,EDM,ESFP,80,63,20,44
712,1,30,"Classic,Ballad",INTJ,20,40,50,72
713,0,60,Rock,ISFP,47,76,45,31
714,0,50,"Rock,Jazz,Classic",ISTP,31,55,80,38
715,0,60,"Ballad,Pop",ESFJ,53,70,39,82
716,1,10,"Classic,Jazz",ENTJ,65,38,88,85
717,1,10,EDM,ENFP,75,29,25,34
718,0,50,"Jazz,Hiphop",ENTP,73,34,61,32
719,1,40,Hiphop,ESTJ,79,83,60,63
720,1,60,"Hiphop,Jazz,Rock",ESTP,86,57,66,21
721,0,30,"Rock,Classic",ISTJ,32,73,87,77
722,1,10,"Hiphop,Pop",ESTJ,80,68,63,90
723,0,20,"Ballad,Classic",INFJ,46,38,32,81
724,0,20,"Jazz,Rock",ESTP,54,57,86,29
725,0,60,"Jazz,Hiphop,Rock",ENFP,72,45,38,28
726,0,60,Rock,ISTP,29,66,67,21
727,0,30,"Ballad,Pop,EDM",ESFJ,73,65,33,75
728,1,60,"Hiphop,Pop,Jazz",ENTP,86,28,53,43
729,1,20,Ballad,ESFJ,79,52,33,83
730,0,60,"Classic,Jazz,Ballad",ENTJ,61,23,58,86
731,0,50,"Hiphop,Pop",ESFP,67,76,45,32
732,0,10,"Jazz,Rock,Classic",ENTP,57,37,73,35
733,1,20,"Jazz,Rock",ENFP,58,40,48,48
734,1,10,"Rock,Classic,Jazz",ISTP,23,63,52,49
735,1,10,"Jazz,Hiphop,Rock",ENTJ,66,34,62,53
736,1,30,"Hiphop,Pop,EDM",ESTJ,83,78,71,82
737,1,20,Ballad,ENFJ,53,31,42,75
738,1,40,Pop,ESFJ,89,85,45,56
739,1,50,Classic,ISFJ,31,50,45,59
740,1,40,"Rock,Jazz",INTP,33,46,73,35
741,0,60,Classic,INFJ,28,42,27,83
742,0,30,Hiphop,ESTJ,79,54,66,84
743,1,10,"Ballad,Rock,EDM",ISFJ,29,67,26,55
744,1,40,Ballad,ESFP,59,75,30,25
745,1,50,"Ballad,Classic",INFJ,32,37,24,68
746,1,30,Classic,ENTJ,82,27,85,87
747,0,30,"Hiphop,Jazz,Rock",ESTP,84,70,89,38
748,0,50,"Rock,Jazz,Classic",ESTP,50,51,80,21
749,0,30,"Jazz,Rock",ENTJ,52,45,66,55
750,1,10,"EDM,Hiphop",ENFJ,89,41,33,54
751,0,50,"Pop,Hiphop,EDM",ESTJ,88,87,79,81
752,1,30,Jazz,ENTP,71,29,89,47
753,0,60,"Classic,Rock,Jazz",INTJ,45,43,77,72
754,1,10,"Rock,Classic",INTP,31,32,62,31
755,1,40,"Ballad,EDM,Jazz",ENFP,77,31,22,36
756,0,20,"Hiphop,Pop,Rock",ESFP,60,75,45,31
757,0,10,"Pop,Hiphop",ESFJ,62,67,47,60
758,1,10,"Pop,Classic,Hiphop",ENTJ,77,40,53,78
759,0,50,"Ballad,Pop,EDM",ESFJ,66,68,32,72
760,0,10,Ballad,ESFJ,54,55,35,51
761,0,10,Jazz,ENTP,68,20,88,47
762,1,10,"Rock,Jazz",INTP,28,35,87,29
763,0,10,Ballad,ENFJ,83,20,23,70
764,1,50,"Pop,Hiphop,EDM",ENFJ,83,33,41,65
765,0,20,"Ballad,EDM,Rock",ISFP,36,85,24,47
766,0,30,Jazz,ESTJ,58,83,82,88
767,1,40,"Rock,Jazz,Classic",ISTP,37,65,81,29
768,1,10,"Jazz,Rock",ENFP,67,44,39,45
769,1,40,"Ballad,EDM,Hiphop",ESFP,57,76,28,35
770,1,10,Rock,ISTP,38,84,88,46
771,0,40,"Jazz,Hiphop",ENFP,72,29,35,32
772,0,10,"Ballad,Pop",ISFJ,36,75,27,77
773,1,30,"Ballad,Rock,Classic",ISFJ,33,65,29,65
774,1,50,"Hiphop,Pop",ESTP,73,80,62,40
775,1,50,"Ballad,Pop",ISFJ,45,67,21,77
776,0,60,"Hiphop,Rock",ESTJ,55,82,70,54
777,1,50,"Rock,Jazz",INTJ,44,34,78,55
778,0,60,"Jazz,Rock,Classic",ENTJ,64,39,77,57
779,0,40,Ballad,INFP,48,46,23,24
780,1,60,"Jazz,Rock",ENTP,72,28,88,29
781,1,10,"Rock,Jazz",INTP,43,38,50,32
782,1,30,"Rock,Hiphop",ISTJ,45,77,76,63
783,0,20,"Rock,Jazz,Hiphop",ESTP,62,64,53,32
784,1,40,Ballad,ISFJ,47,71,26,90
785,1,40,"Ballad,Pop",ESFJ,76,73,31,74
786,0,30,Hiphop,ESTJ,51,74,61,64
787,1,10,"Classic,Ballad",ISFJ,30,65,45,84
788,0,50,Jazz,ENTP,63,30,50,29
789,0,30,"Hiphop,Ballad,EDM",ESFP,65,74,34,21
790,1,40,Rock,ISFP,38,68,49,37
791,1,40,"Rock,Jazz,Classic",INTJ,38,37,89,59
792,0,50,"Rock,Hiphop",ISTP,20,83,69,27
793,0,50,Jazz,ENFP,77,43,40,24
794,0,60,"Hiphop,Pop,EDM",ESTP,87,62,53,37
795,0,30,Pop,ESTJ,76,88,82,87
796,1,50,Classic,INFJ,45,40,42,79
797,0,30,Ballad,ISFJ,39,84,22,63
798,1,10,EDM,ENFP,83,32,26,47
799,1,50,"Hiphop,Pop,Jazz",ENFP,87,20,45,23
800,1,10,Rock,ISFP,27,51,48,25
801,0,30,"Pop,Hiphop,Jazz",ESTJ,84,85,88,87
802,1,10,"Classic,Jazz,Rock",INTJ,48,36,65,61
803,1,60,"Hiphop,Pop",ESTJ,83,90,81,53
804,1,20,"EDM,Ballad",ESFJ,77,51,30,64
805,1,30,"EDM,Pop",ESFP,90,60,27,26
806,0,40,"Rock,Jazz,Hiphop",ESTP,53,59,70,21
807,1,40,"Rock,Jazz,Classic",ISTJ,40,68,82,61
808,1,50,Ballad,ISFP,48,62,22,23
809,0,40,"Jazz,Rock",ESTP,61,90,84,41
810,0,50,"Ballad,Pop,Classic",ISFJ,48,66,36,76
811,0,50,Ballad,ISFJ,37,59,32,81
812,1,40,"Jazz,Hiphop",ENTJ,81,28,84,69
813,1,10,"Classic,Jazz,Hiphop",ESTJ,68,50,63,83
814,0,40,"Classic,Rock",ISTJ,20,56,65,68
815,1,30,"Hiphop,Pop,EDM",ESFP,79,79,45,31
816,1,50,Hiphop,ESTP,90,81,75,47
817,0,10,"Ballad,Pop,EDM",ESFJ,55,76,35,66
818,0,40,"Ballad,Classic,Rock",ISFJ,25,53,28,81
819,0,20,"Classic,Rock",INTJ,35,49,81,83
820,1,40,Ballad,ESFJ,51,57,29,64
821,1,40,"Jazz,Rock,Hiphop",ESTJ,59,60,87,53
822,0,10,Jazz,ENTP,78,38,77,42
823,0,40,"Rock,Classic,Jazz",INFP,28,22,41,45
824,0,60,"Ballad,Pop",ESFJ,55,70,44,64
825,0,10,"Jazz,Classic,Rock",ENTJ,62,27,87,77
826,0,60,"Jazz,Hiphop,Rock",ENTP,87,29,90,37
827,0,50,Pop,ESTJ,57,89,69,79
828,1,40,Ballad,ENFJ,56,33,30,79
829,1,40,"Pop,Hiphop,EDM",ENFJ,88,38,45,73
830,0,20,Ballad,ESFJ,62,59,31,57
831,0,40,"Classic,Jazz,Rock",INTJ,43,38,89,69
832,0,60,Rock,INTP,40,43,70,39
833,1,40,"Jazz,Pop,Classic",ESTJ,59,52,57,70
834,1,40,Hiphop,ESTP,85,60,53,29
835,0,60,"Rock,Jazz,Hiphop",ESTP,50,56,87,38
836,0,40,"Ballad,Pop,EDM",ESFJ,61,71,20,73
837,1,40,"Jazz,Rock",ENTP,82,20,87,25
838,1,60,"Hiphop,Pop",ENFJ,79,45,45,56
839,1,10,"Ballad,Classic",ISFJ,28,55,36,69
840,1,10,"Rock,Jazz,Classic",ISTJ,24,55,79,56
841,0,10,"Ballad,Rock,Classic",ISFP,28,56,24,40
842,0,50,"Jazz,Hiphop",ESTJ,66,79,86,80
843,0,60,"Rock,Jazz,Hiphop",ISTP,41,65,58,45
844,1,30,"Hiphop,Jazz",ESTJ,72,72,79,57
845,1,50,"Ballad,Pop",ISFJ,49,88,43,67
846,1,10,Ballad,ESFJ,63,78,29,62
847,0,10,"Ballad,Rock",ISFP,47,79,41,22
848,0,30,"Jazz,Hiphop,Rock",ENTP,74,23,67,30
849,1,50,"Rock,Hiphop",ISTJ,28,69,64,53
850,1,10,Rock,ISTP,25,59,77,25
851,0,50,Rock,ISTP,24,78,74,30
852,1,50,"Ballad,Jazz",ENFJ,56,37,43,64
853,1,40,"Rock,Classic",INFP,29,36,32,41
854,0,30,Pop,ESFJ,77,76,43,65
855,1,40,"Jazz,Rock,Classic",ENTP,57,22,59,37
856,0,50,"Jazz,Rock",ENTP,77,36,82,21
857,1,30,"Jazz,Rock",ESFP,66,58,41,43
858,1,30,Rock,ISTJ,41,71,58,67
859,0,30,"Ballad,Classic,Jazz",ENFJ,54,31,41,71
860,1,20,Ballad,ISFJ,43,76,25,84
861,0,60,"Pop,Ballad",ESFJ,69,71,38,67
862,1,10,"Jazz,Hiphop,Pop",ENTJ,85,49,79,67
863,0,60,"Ballad,Jazz,Rock",ESFP,65,55,25,31
864,1,10,"Ballad,Pop,EDM",ENFJ,75,44,22,71
865,0,60,"Rock,Jazz",INTJ,26,46,82,52
866,0,60,"Rock,Ballad",ISFP,22,61,41,25
867,0,20,"Pop,Classic,Ballad",ESTJ,66,59,54,87
868,0,60,"Rock,Jazz",ISTP,22,57,85,35
869,1,30,"Hiphop,Pop,Rock",ESTP,82,71,61,45
870,0,60,Pop,ESFJ,61,85,46,58
871,1,20,"Rock,Jazz",ESTP,51,57,78,34
872,1,40,"Pop,Hiphop",ENFP,90,41,43,21
873,1,40,Rock,ISTJ,26,54,63,50
874,1,30,"Rock,Jazz",ISTP,45,56,83,23
875,0,50,Jazz,ESFP,68,59,37,47
876,1,50,"Rock,Jazz,Hiphop",ISTP,46,70,76,33
877,0,60,"Ballad,Classic",ISFJ,20,86,42,86
878,1,60,"Ballad,Rock",ISFJ,27,67,25,54
879,1,20,"Classic,Rock,Jazz",INTJ,44,36,79,72
880,1,30,"Rock,Classic",INFP,34,34,40,41
881,0,50,"Hiphop,Pop",ESTJ,62,75,59,66
882,1,50,"Jazz,Rock,Classic",ENTP,56,31,65,36
883,0,60,"Hiphop,Pop",ESFP,67,75,47,26
884,0,30,"Rock,Ballad,EDM",ISFP,40,82,37,21
885,0,20,"Rock,Classic",ISTP,24,60,62,28
886,1,30,"Rock,Classic,Jazz",INFP,25,40,42,37
887,1,30,"Rock,Jazz,Hiphop",ISTP,44,78,84,32
888,1,20,"Hiphop,Jazz,Rock",ESTP,87,59,65,40
889,0,10,"EDM,Jazz,Ballad",ENFP,75,21,27,49
890,0,60,"Hiphop,Jazz",ENTJ,88,37,73,67
891,0,10,"Hiphop,Jazz,Pop",ESTJ,75,73,87,66
892,0,60,Rock,ISTP,23,75,55,29
893,0,50,"Ballad,Rock",ISFJ,35,69,23,51
894,0,30,Jazz,ENTJ,77,27,88,78
895,1,40,"Hiphop,Pop",ESTJ,74,84,60,59
896,1,60,Rock,ISTP,37,68,86,36
897,0,30,"Pop,EDM",ESFJ,81,86,37,88
898,1,30,"Ballad,Classic",INFJ,46,23,31,65
899,0,30,"Jazz,Hiphop,Classic",ENTJ,80,22,90,70
900,0,30,EDM,ENFP,79,20,24,33
901,1,20,Jazz,ESTJ,74,58,88,66
902,0,30,Rock,ISTJ,24,82,75,52
903,1,10,Rock,INTP,34,46,53,48
904,0,40,Rock,ISTP,34,74,52,36
905,1,60,"Ballad,Jazz,Rock",ESFP,60,51,23,33
906,1,50,"Rock,Classic",ISTJ,29,64,51,61
907,0,10,"Ballad,Rock",ESFP,52,81,44,44
908,0,10,"Ballad,Classic",INFJ,44,25,23,57
909,0,20,Rock,INTP,31,21,58,33
910,1,40,"Classic,Ballad",INFJ,36,24,35,65
911,0,60,"Pop,Hiphop",ENTJ,90,43,65,90
912,0,30,"Rock,Ballad",ISFP,31,60,39,48
913,0,10,"Classic,Rock,Jazz",INTJ,27,45,80,70
914,0,10,"Ballad,Jazz,EDM",ENFP,68,43,21,20
915,0,20,Pop,ESTJ,86,88,56,61
916,0,10,"Ballad,Rock",ISFP,49,74,38,37
917,1,40,Ballad,ISFJ,40,66,28,67
918,0,10,"Classic,Rock,Jazz",ISTJ,21,65,89,77
919,1,10,Classic,ISTJ,22,60,67,67
920,1,40,Hiphop,ESFP,62,66,44,46
921,1,60,"Pop,Hiphop,Jazz",ENTJ,85,42,55,67
922,1,30,"Classic,Ballad,Rock",INFJ,40,28,38,86
923,0,50,"Rock,Classic",INTJ,40,45,53,57
924,0,40,"Rock,Jazz",ISTP,37,56,57,42
925,1,60,Classic,INFJ,43,29,44,68
926,0,40,"Ballad,Classic",ISFJ,23,52,34,69
927,1,10,"Ballad,EDM",ESFJ,66,79,26,62
928,1,50,Rock,ISTJ,25,80,82,72
929,0,20,"Pop,Rock,Ballad",ISTJ,27,89,52,61
930,0,30,Classic,ISTJ,31,56,90,79
931,1,60,"Rock,Jazz,Hiphop",ISTP,45,70,90,22
932,1,10,Rock,ISTJ,44,59,83,58
933,0,30,"Jazz,Classic",ENTJ,59,20,68,60
934,0,40,"Jazz,Rock,Classic",ENTP,50,36,77,46
935,0,20,"Rock,Jazz,Ballad",INFP,42,45,37,45
936,0,10,Ballad,ESFJ,60,73,22,54
937,1,50,"Classic,Ballad",ISTJ,36,82,58,89
938,1,40,"Ballad,Rock,EDM",ESFP,55,65,23,38
939,0,30,"Pop,Classic,Jazz",ENFJ,71,21,49,70
940,0,40,Hiphop,ENFJ,88,44,40,52
941,0,40,"Pop,Hiphop,EDM",ESTP,62,87,50,21
942,0,60,"Pop,Classic,EDM",ENFJ,89,22,41,87
943,1,40,Jazz,ENFP,58,37,31,47
944,0,30,Hiphop,ESTP,74,88,81,44
945,0,30,"Classic,Ballad,Rock",ISTJ,32,66,60,87
946,0,10,"Hiphop,Pop,Jazz",ENFP,86,43,46,40
947,1,50,"Jazz,Hiphop",ENFP,75,21,34,44
948,0,20,"EDM,Hiphop,Pop",ESFP,86,58,32,33
949,1,60,"Jazz,Rock",ESTP,58,55,51,49
950,1,50,"Classic,Pop",ENTJ,71,42,57,78
951,1,20,Rock,INFP,28,24,30,40
952,1,30,"Hiphop,Jazz,Pop",ENTJ,82,27,54,54
953,0,50,"Classic,Rock",ISTJ,27,84,83,88
954,1,20,Ballad,ESFJ,68,61,31,65
955,1,10,"Classic,Ballad",ESTJ,52,50,58,83
956,0,40,Rock,ISTJ,40,64,81,76
957,0,20,"Ballad,Rock,Classic",ISFJ,29,71,42,59
958,0,30,"Rock,Hiphop",ISTJ,29,68,62,54
959,1,10,"Classic,Ballad",ISTJ,33,87,52,86
960,1,50,"Pop,EDM,Hiphop",ESFJ,88,87,36,70
961,1,10,Rock,ISTP,20,52,75,44
962,0,40,Classic,INFJ,36,37,40,61
963,1,40,Pop,ESTJ,77,65,59,73
964,1,40,"Pop,EDM,Ballad",ESFJ,76,83,34,90
965,1,40,"Ballad,Rock",ISFP,42,81,36,22
966,0,40,Hiphop,ESTP,77,55,60,42
967,1,50,Jazz,ENTP,89,45,85,34
968,0,20,"Hiphop,Pop,Jazz",ENFP,84,28,40,39
969,1,20,"Rock,Jazz,Classic",INTJ,43,48,75,61
970,1,30,Ballad,ISFJ,20,65,35,70
971,0,10,"EDM,Pop,Hiphop",ESFP,77,88,41,43
972,1,30,Hiphop,ESTP,76,60,51,28
973,0,40,"Classic,Rock,Jazz",INTJ,33,23,67,74
974,0,60,"Jazz,Rock",ESTJ,54,56,63,55
975,1,20,"Rock,Jazz,Classic",INTP,37,21,83,37
976,1,50,Rock,INTP,42,44,74,27
977,0,60,Classic,INTJ,28,24,81,78
978,1,60,"Rock,Classic,Jazz",INFP,20,46,45,31
979,1,20,"Ballad,Classic",INFJ,36,30,22,81
980,1,30,"Rock,Classic",ISFP,26,52,41,31
981,0,60,Jazz,ENTJ,74,45,87,81
982,0,40,Hiphop,ESFP,56,72,48,24
983,1,10,"Rock,Jazz,Classic",ISTP,47,52,80,30
984,1,10,Rock,INTP,33,41,59,24
985,0,60,"Classic,Ballad",ISTJ,47,88,68,79
986,1,60,"Jazz,Hiphop,Rock",ESTP,70,57,67,38
987,1,20,Jazz,ENFP,56,28,36,41
988,1,50,"Hiphop,Jazz,Pop",ENTJ,86,34,76,71
989,0,10,"Jazz,Rock,Ballad",ENFP,61,35,36,38
990,1,20,Jazz,ESTJ,58,84,78,83
991,1,30,"Jazz,Ballad",ENFP,59,32,28,31
992,0,40,Rock,ISTP,20,73,57,23
993,0,10,Pop,ESTJ,82,82,81,73
994,1,20,"Hiphop,Pop",ESFP,80,66,42,27
995,0,20,"Rock,Classic,Jazz",INTJ,27,20,80,50
996,1,60,"EDM,Pop",ESFJ,90,88,22,65
997,0,30,"Classic,Jazz,Rock",ENTJ,58,32,83,84
998,1,50,"EDM,Pop,Hiphop",ESFP,72,80,33,38
999,1,10,"Pop,Ballad",ESFJ,74,55,36,72
1000,0,60,"Pop,Hiphop,Ballad",ESFJ,76,59,44,71
